poll_time_utc	backend	last_update_date	decision
2026-09-02T16:49:30Z	ibm_fez	20260902T154549000000Z	new
2026-09-02T19:26:58Z	ibm_fez	20260817T174011000000Z	collision
2026-09-02T19:26:58Z	ibm_fez	20260817T180058000000Z	collision
2026-09-02T19:26:58Z	ibm_fez	20260817T193520000000Z	collision
2026-09-02T19:26:58Z	ibm_fez	20260817T203743000000Z	new
2026-09-02T19:26:58Z	ibm_fez	20260817T205744000000Z	collision
2026-09-02T19:26:58Z	ibm_fez	20260817T224957000000Z	collision
2026-09-02T19:26:58Z	ibm_fez	20260817T233707000000Z	new
2026-09-02T19:26:58Z	ibm_fez	20260818T012157000000Z	collision
2026-09-02T19:26:58Z	ibm_fez	20260818T023034000000Z	collision
2026-09-02T19:26:58Z	ibm_fez	20260902T183922000000Z	new
2026-09-02T20:03:34Z	ibm_fez	20260902T193413000000Z	new
2026-09-02T22:48:17Z	ibm_fez	20260902T223457000000Z	new
2026-09-03T01:22:59Z	ibm_fez	20260903T004128000000Z	new
2026-09-03T06:24:44Z	ibm_fez	20260903T055639000000Z	new
2026-09-03T11:38:53Z	ibm_fez	20260903T104949000000Z	new
2026-09-03T16:38:42Z	ibm_fez	20260903T160719000000Z	new
2026-09-03T20:05:58Z	ibm_fez	20260903T194106000000Z	new
2026-09-03T22:46:59Z	ibm_fez	20260903T213444000000Z	new
2026-09-04T01:16:13Z	ibm_fez	20260904T010031000000Z	new
2026-09-04T06:29:52Z	ibm_fez	20260904T051420000000Z	new
2026-09-04T11:39:50Z	ibm_fez	20260904T105708000000Z	new
2026-09-04T16:34:00Z	ibm_fez	20260904T161508000000Z	new
2026-09-04T19:06:06Z	ibm_fez	20260904T183648000000Z	new
2026-09-04T21:44:42Z	ibm_fez	20260904T204859000000Z	new
2026-09-05T00:20:00Z	ibm_fez	20260904T235716000000Z	new
2026-09-05T04:53:08Z	ibm_fez	20260905T040400000000Z	new
2026-09-05T09:16:39Z	ibm_fez	20260905T083000000000Z	new
2026-09-05T12:59:41Z	ibm_fez	20260905T123330000000Z	new
2026-09-05T16:12:53Z	ibm_fez	20260905T152443000000Z	new
2026-09-05T18:32:18Z	ibm_fez	20260905T175136000000Z	new
2026-09-05T20:40:19Z	ibm_fez	20260905T192843000000Z	new
2026-09-05T23:12:40Z	ibm_fez	20260905T192843000000Z	duplicate
2026-09-06T01:17:33Z	ibm_fez	20260905T192843000000Z	duplicate
2026-09-06T06:27:41Z	ibm_fez	20260906T060157000000Z	new
2026-09-06T11:17:14Z	ibm_fez	20260906T103009000000Z	new
2026-09-06T14:21:58Z	ibm_fez	20260906T133008000000Z	new
2026-09-06T17:18:53Z	ibm_fez	20260906T170317000000Z	new
2026-09-06T19:27:32Z	ibm_fez	20260906T183318000000Z	new
2026-09-06T20:46:55Z	ibm_fez	20260810T140235000000Z	duplicate-partial
2026-09-06T20:46:55Z	ibm_fez	20260812T055918000000Z	duplicate-partial
2026-09-06T20:46:55Z	ibm_fez	20260812T063125000000Z	new
2026-09-06T20:46:55Z	ibm_fez	20260812T081604000000Z	new
2026-09-06T20:46:55Z	ibm_fez	20260812T083153000000Z	duplicate-partial
2026-09-06T20:46:55Z	ibm_fez	20260812T094423000000Z	duplicate-partial
2026-09-06T20:46:55Z	ibm_fez	20260812T104835000000Z	new
2026-09-06T20:46:55Z	ibm_fez	20260812T111630000000Z	duplicate-partial
2026-09-06T20:46:55Z	ibm_fez	20260812T122631000000Z	duplicate-partial
2026-09-06T20:46:55Z	ibm_fez	20260812T141852000000Z	duplicate-partial
2026-09-06T20:46:55Z	ibm_fez	20260812T155526000000Z	duplicate-partial
2026-09-06T20:46:55Z	ibm_fez	20260812T170935000000Z	duplicate-partial
2026-09-06T20:46:55Z	ibm_fez	20260812T183732000000Z	new
2026-09-06T20:46:55Z	ibm_fez	20260812T183935000000Z	new
2026-09-06T20:46:55Z	ibm_fez	20260812T185740000000Z	duplicate-partial
2026-09-06T20:46:55Z	ibm_fez	20260812T204040000000Z	new
2026-09-06T20:46:55Z	ibm_fez	20260812T210102000000Z	duplicate-partial
2026-09-06T20:46:55Z	ibm_fez	20260812T221321000000Z	duplicate-partial
2026-09-06T20:46:55Z	ibm_fez	20260812T230810000000Z	duplicate-partial
2026-09-06T20:46:55Z	ibm_fez	20260813T000909000000Z	new
2026-09-06T20:46:55Z	ibm_fez	20260813T013648000000Z	duplicate-partial
2026-09-06T20:46:55Z	ibm_fez	20260813T032643000000Z	duplicate-partial
2026-09-06T20:46:55Z	ibm_fez	20260813T062300000000Z	duplicate-partial
2026-09-06T20:46:55Z	ibm_fez	20260813T071739000000Z	new
2026-09-06T20:46:55Z	ibm_fez	20260813T083510000000Z	new
2026-09-06T20:46:55Z	ibm_fez	20260813T092813000000Z	new
2026-09-06T20:46:55Z	ibm_fez	20260813T101037000000Z	duplicate-partial
2026-09-06T20:46:55Z	ibm_fez	20260813T103541000000Z	new
2026-09-06T20:46:55Z	ibm_fez	20260813T114211000000Z	duplicate-partial
2026-09-06T20:46:55Z	ibm_fez	20260813T141142000000Z	duplicate-partial
2026-09-06T20:46:55Z	ibm_fez	20260813T203406000000Z	duplicate-partial
2026-09-06T20:46:55Z	ibm_fez	20260813T205537000000Z	duplicate-partial
2026-09-06T20:46:55Z	ibm_fez	20260813T220506000000Z	collision
2026-09-06T20:46:55Z	ibm_fez	20260813T232324000000Z	duplicate-partial
2026-09-06T20:46:55Z	ibm_fez	20260813T234620000000Z	new
2026-09-06T20:46:55Z	ibm_fez	20260814T013807000000Z	duplicate-partial
2026-09-06T20:46:55Z	ibm_fez	20260814T033655000000Z	duplicate-partial
2026-09-06T20:46:55Z	ibm_fez	20260814T064606000000Z	new
2026-09-06T20:46:55Z	ibm_fez	20260814T064924000000Z	duplicate-partial
2026-09-06T20:46:55Z	ibm_fez	20260814T084517000000Z	new
2026-09-06T20:46:55Z	ibm_fez	20260814T084737000000Z	duplicate-partial
2026-09-06T20:46:55Z	ibm_fez	20260814T104826000000Z	duplicate-partial
2026-09-06T20:46:55Z	ibm_fez	20260814T112250000000Z	new
2026-09-06T20:46:55Z	ibm_fez	20260814T115756000000Z	duplicate-partial
2026-09-06T20:46:55Z	ibm_fez	20260814T124246000000Z	duplicate-partial
2026-09-06T20:46:55Z	ibm_fez	20260814T135826000000Z	duplicate-partial
2026-09-06T20:46:55Z	ibm_fez	20260814T152518000000Z	new
2026-09-06T20:46:55Z	ibm_fez	20260814T153910000000Z	duplicate-partial
2026-09-06T20:46:55Z	ibm_fez	20260814T163602000000Z	duplicate-partial
2026-09-06T20:46:55Z	ibm_fez	20260814T173710000000Z	new
2026-09-06T20:46:55Z	ibm_fez	20260814T174409000000Z	duplicate-partial
2026-09-06T20:46:55Z	ibm_fez	20260906T195352000000Z	new
2026-09-06T20:54:15Z	ibm_fez	20260805T234531000000Z	new
2026-09-06T20:54:15Z	ibm_fez	20260806T000534000000Z	new
2026-09-06T20:54:15Z	ibm_fez	20260806T002659000000Z	duplicate-partial
2026-09-06T20:54:15Z	ibm_fez	20260806T011540000000Z	new
2026-09-06T20:54:15Z	ibm_fez	20260806T021325000000Z	new
2026-09-06T20:54:15Z	ibm_fez	20260806T030218000000Z	new
2026-09-06T20:54:15Z	ibm_fez	20260806T033034000000Z	duplicate-partial
2026-09-06T20:54:15Z	ibm_fez	20260806T070502000000Z	duplicate-partial
2026-09-06T20:54:15Z	ibm_fez	20260806T084023000000Z	new
2026-09-06T20:54:15Z	ibm_fez	20260806T084740000000Z	new
2026-09-06T20:54:15Z	ibm_fez	20260806T092941000000Z	new
2026-09-06T20:54:15Z	ibm_fez	20260806T100715000000Z	duplicate-partial
2026-09-06T20:54:15Z	ibm_fez	20260806T111150000000Z	new
2026-09-06T20:54:15Z	ibm_fez	20260906T195352000000Z	duplicate
2026-09-06T20:56:42Z	ibm_fez	20260806T111150000000Z	duplicate
2026-09-06T20:56:42Z	ibm_fez	20260806T114821000000Z	new
2026-09-06T20:56:42Z	ibm_fez	20260806T122947000000Z	duplicate-partial
2026-09-06T20:56:42Z	ibm_fez	20260906T195352000000Z	duplicate
2026-09-06T21:38:10Z	ibm_fez	20260906T205621000000Z	new
2026-09-07T00:17:04Z	ibm_fez	20260906T235400000000Z	new
2026-09-07T05:08:36Z	ibm_fez	20260907T042613000000Z	new
2026-09-07T10:40:35Z	ibm_fez	20260907T094653000000Z	new
2026-09-07T16:38:08Z	ibm_fez	20260907T162301000000Z	new
2026-09-07T20:45:49Z	ibm_fez	20260907T194934000000Z	new
2026-09-07T23:43:22Z	ibm_fez	20260907T231620000000Z	new
2026-09-08T05:06:56Z	ibm_fez	20260908T040911000000Z	new
2026-09-08T10:02:43Z	ibm_fez	20260908T081634000000Z	new
2026-09-08T14:44:36Z	ibm_fez	20260908T140644000000Z	new
2026-09-08T18:56:41Z	ibm_fez	20260908T181625000000Z	new
2026-09-08T21:59:18Z	ibm_fez	20260908T213535000000Z	new
2026-09-09T00:29:44Z	ibm_fez	20260908T233611000000Z	new
2026-09-09T05:06:45Z	ibm_fez	20260909T043938000000Z	new
2026-09-09T10:03:44Z	ibm_fez	20260909T092244000000Z	new
2026-09-09T14:46:27Z	ibm_fez	20260909T140220000000Z	new
2026-09-09T18:49:05Z	ibm_fez	20260909T183343000000Z	new
2026-09-09T21:54:40Z	ibm_fez	20260909T212119000000Z	new
2026-09-10T00:31:03Z	ibm_fez	20260910T000121000000Z	new
2026-09-10T05:08:31Z	ibm_fez	20260910T044057000000Z	new
2026-09-10T13:05:34Z	ibm_fez	20260910T122032000000Z	new
2026-09-10T17:08:05Z	ibm_fez	20260910T155537000000Z	new
2026-09-10T20:00:15Z	ibm_fez	20260910T192051000000Z	new
2026-09-10T21:57:46Z	ibm_fez	20260910T210614000000Z	new
2026-09-10T22:28:01Z	ibm_fez	20260910T215906000000Z	new
2026-09-10T22:39:35Z	ibm_fez	20260910T215906000000Z	duplicate
2026-09-10T22:44:51Z	ibm_fez	20260910T215906000000Z	duplicate
2026-09-11T00:36:29Z	ibm_fez	20260911T001336000000Z	new
2026-09-11T00:57:24Z	ibm_fez	20260911T003740000000Z	new
2026-09-11T01:10:47Z	ibm_fez	20260911T003740000000Z	duplicate
2026-09-11T01:24:34Z	ibm_fez	20260911T003740000000Z	duplicate
2026-09-11T05:20:08Z	ibm_fez	20260911T040638000000Z	new
2026-09-11T05:50:21Z	ibm_fez	20260911T040638000000Z	duplicate
2026-09-11T06:05:19Z	ibm_fez	20260911T040638000000Z	duplicate
2026-09-11T06:35:45Z	ibm_fez	20260911T054734000000Z	new
2026-09-11T09:08:29Z	ibm_fez	20260909T084345000000Z	new
2026-09-11T09:08:29Z	ibm_fez	20260909T094741000000Z	new
2026-09-11T09:08:29Z	ibm_fez	20260909T104239000000Z	new
2026-09-11T09:08:29Z	ibm_fez	20260909T114150000000Z	new
2026-09-11T09:08:29Z	ibm_fez	20260909T130205000000Z	new
2026-09-11T09:08:29Z	ibm_fez	20260909T143551000000Z	new
2026-09-11T09:08:29Z	ibm_fez	20260909T153751000000Z	new
2026-09-11T09:08:29Z	ibm_fez	20260909T164104000000Z	new
2026-09-11T09:08:29Z	ibm_fez	20260909T174423000000Z	new
2026-09-11T09:08:29Z	ibm_fez	20260909T183343000000Z	duplicate-partial
2026-09-11T09:08:29Z	ibm_fez	20260909T191012000000Z	new
2026-09-11T09:08:29Z	ibm_fez	20260909T204150000000Z	new
2026-09-11T09:08:29Z	ibm_fez	20260909T212119000000Z	duplicate-partial
2026-09-11T09:08:29Z	ibm_fez	20260909T222915000000Z	new
2026-09-11T09:08:29Z	ibm_fez	20260910T003238000000Z	new
2026-09-11T09:08:29Z	ibm_fez	20260910T013406000000Z	new
2026-09-11T09:08:29Z	ibm_fez	20260910T022651000000Z	new
2026-09-11T09:08:29Z	ibm_fez	20260910T032822000000Z	new
2026-09-11T09:08:29Z	ibm_fez	20260910T043212000000Z	new
2026-09-11T09:08:29Z	ibm_fez	20260910T053709000000Z	new
2026-09-11T09:08:29Z	ibm_fez	20260910T063417000000Z	new
2026-09-11T09:08:29Z	ibm_fez	20260910T084341000000Z	new
2026-09-11T09:08:29Z	ibm_fez	20260910T093237000000Z	new
2026-09-11T09:08:29Z	ibm_fez	20260910T105848000000Z	new
2026-09-11T09:08:29Z	ibm_fez	20260910T122032000000Z	duplicate-partial
2026-09-11T09:08:29Z	ibm_fez	20260910T135058000000Z	new
2026-09-11T09:08:29Z	ibm_fez	20260910T144427000000Z	new
2026-09-11T09:08:29Z	ibm_fez	20260910T151016000000Z	new
2026-09-11T09:08:29Z	ibm_fez	20260910T155537000000Z	duplicate-partial
2026-09-11T09:08:29Z	ibm_fez	20260910T174831000000Z	new
2026-09-11T09:08:29Z	ibm_fez	20260910T183347000000Z	new
2026-09-11T09:08:29Z	ibm_fez	20260910T192051000000Z	duplicate-partial
2026-09-11T09:08:29Z	ibm_fez	20260910T203016000000Z	new
2026-09-11T09:08:29Z	ibm_fez	20260910T210614000000Z	duplicate-partial
2026-09-11T09:08:29Z	ibm_fez	20260910T215906000000Z	duplicate-partial
2026-09-11T09:08:29Z	ibm_fez	20260910T233615000000Z	new
2026-09-11T09:08:29Z	ibm_fez	20260911T003740000000Z	duplicate-partial
2026-09-11T09:08:29Z	ibm_fez	20260911T015352000000Z	new
2026-09-11T09:08:29Z	ibm_fez	20260911T023611000000Z	new
2026-09-11T09:08:29Z	ibm_fez	20260911T040638000000Z	duplicate-partial
2026-09-11T09:08:29Z	ibm_fez	20260911T065245000000Z	new
2026-09-11T09:08:29Z	ibm_fez	20260911T074225000000Z	new
2026-09-11T09:08:29Z	ibm_fez	20260911T081729000000Z	new
2026-09-11T10:02:14Z	ibm_fez	20260911T085612000000Z	new
2026-09-11T11:08:29Z	ibm_fez	20260911T104619000000Z	new
2026-09-11T11:30:53Z	ibm_fez	20260911T104619000000Z	duplicate
2026-09-11T11:46:29Z	ibm_fez	20260911T104619000000Z	duplicate
2026-09-11T14:39:31Z	ibm_fez	20260911T133807000000Z	new
2026-09-11T16:22:26Z	ibm_fez	20260911T150201000000Z	new
2026-09-11T16:34:38Z	ibm_fez	20260911T150201000000Z	duplicate
2026-09-11T16:43:36Z	ibm_fez	20260911T150201000000Z	duplicate
2026-09-11T17:57:10Z	ibm_fez	20260911T173820000000Z	new
2026-09-11T19:34:28Z	ibm_fez	20260911T184722000000Z	new
2026-09-11T19:48:00Z	ibm_fez	20260911T192439000000Z	new
2026-09-11T19:59:35Z	ibm_fez	20260911T192439000000Z	duplicate
2026-09-11T21:21:45Z	ibm_fez	20260911T205629000000Z	new
2026-09-11T22:28:35Z	ibm_fez	20260911T215904000000Z	new
2026-09-11T22:39:05Z	ibm_fez	20260911T215904000000Z	duplicate
2026-09-11T22:45:38Z	ibm_fez	20260911T222642000000Z	new
2026-09-11T23:33:40Z	ibm_fez	20260911T224812000000Z	new
2026-09-12T01:02:47Z	ibm_fez	20260912T002522000000Z	new
2026-09-12T01:12:05Z	ibm_fez	20260912T004954000000Z	new
2026-09-12T01:29:06Z	ibm_fez	20260912T004954000000Z	duplicate
2026-09-12T01:36:38Z	ibm_fez	20260912T004954000000Z	duplicate
2026-09-12T05:38:53Z	ibm_fez	20260912T043351000000Z	new
2026-09-12T05:54:27Z	ibm_fez	20260912T052759000000Z	new
2026-09-12T06:25:13Z	ibm_fez	20260912T052759000000Z	duplicate
2026-09-12T06:33:07Z	ibm_fez	20260912T060940000000Z	new
2026-09-12T08:50:38Z	ibm_fez	20260910T080841000000Z	new
2026-09-12T08:50:38Z	ibm_fez	20260910T093237000000Z	duplicate
2026-09-12T08:50:38Z	ibm_fez	20260910T105848000000Z	duplicate
2026-09-12T08:50:38Z	ibm_fez	20260910T122032000000Z	duplicate-partial
2026-09-12T08:50:38Z	ibm_fez	20260910T132108000000Z	new
2026-09-12T08:50:38Z	ibm_fez	20260910T135058000000Z	duplicate
2026-09-12T08:50:38Z	ibm_fez	20260910T151016000000Z	duplicate
2026-09-12T08:50:38Z	ibm_fez	20260910T155537000000Z	duplicate-partial
2026-09-12T08:50:38Z	ibm_fez	20260910T165621000000Z	new
2026-09-12T08:50:38Z	ibm_fez	20260910T181649000000Z	new
2026-09-12T08:50:38Z	ibm_fez	20260910T192051000000Z	duplicate-partial
2026-09-12T08:50:38Z	ibm_fez	20260910T203016000000Z	duplicate
2026-09-12T08:50:38Z	ibm_fez	20260910T210614000000Z	duplicate-partial
2026-09-12T08:50:38Z	ibm_fez	20260910T215906000000Z	duplicate-partial
2026-09-12T08:50:38Z	ibm_fez	20260910T230550000000Z	new
2026-09-12T08:50:38Z	ibm_fez	20260911T001336000000Z	duplicate-partial
2026-09-12T08:50:38Z	ibm_fez	20260911T010622000000Z	new
2026-09-12T08:50:38Z	ibm_fez	20260911T015352000000Z	duplicate
2026-09-12T08:50:38Z	ibm_fez	20260911T023611000000Z	duplicate
2026-09-12T08:50:38Z	ibm_fez	20260911T040638000000Z	duplicate-partial
2026-09-12T08:50:38Z	ibm_fez	20260911T054734000000Z	duplicate-partial
2026-09-12T08:50:38Z	ibm_fez	20260911T072514000000Z	new
2026-09-12T08:50:38Z	ibm_fez	20260911T081729000000Z	duplicate-partial
2026-09-12T08:50:38Z	ibm_fez	20260911T085612000000Z	duplicate-partial
2026-09-12T08:50:38Z	ibm_fez	20260911T095710000000Z	new
2026-09-12T08:50:38Z	ibm_fez	20260911T104619000000Z	duplicate-partial
2026-09-12T08:50:38Z	ibm_fez	20260911T120812000000Z	new
2026-09-12T08:50:38Z	ibm_fez	20260911T133807000000Z	duplicate-partial
2026-09-12T08:50:38Z	ibm_fez	20260911T150201000000Z	duplicate-partial
2026-09-12T08:50:38Z	ibm_fez	20260911T163134000000Z	new
2026-09-12T08:50:38Z	ibm_fez	20260911T181035000000Z	new
2026-09-12T08:50:38Z	ibm_fez	20260911T192439000000Z	duplicate-partial
2026-09-12T08:50:38Z	ibm_fez	20260911T194858000000Z	new
2026-09-12T08:50:38Z	ibm_fez	20260911T211153000000Z	new
2026-09-12T08:50:38Z	ibm_fez	20260911T222642000000Z	duplicate-partial
2026-09-12T08:50:38Z	ibm_fez	20260911T224812000000Z	duplicate-partial
2026-09-12T08:50:38Z	ibm_fez	20260912T002522000000Z	duplicate-partial
2026-09-12T08:50:38Z	ibm_fez	20260912T012639000000Z	new
2026-09-12T08:50:38Z	ibm_fez	20260912T022951000000Z	new
2026-09-12T08:50:38Z	ibm_fez	20260912T032140000000Z	new
2026-09-12T08:50:38Z	ibm_fez	20260912T035338000000Z	new
2026-09-12T08:50:38Z	ibm_fez	20260912T052759000000Z	duplicate-partial
2026-09-12T08:50:38Z	ibm_fez	20260912T063026000000Z	new
2026-09-12T08:50:38Z	ibm_fez	20260912T072853000000Z	new
2026-09-12T08:50:38Z	ibm_fez	20260912T083315000000Z	new
2026-09-12T10:37:21Z	ibm_fez	20260912T100723000000Z	new
2026-09-12T10:55:03Z	ibm_fez	20260912T100723000000Z	duplicate
2026-09-12T11:12:14Z	ibm_fez	20260912T104617000000Z	new
2026-09-12T11:17:42Z	ibm_fez	20260912T104617000000Z	duplicate
2026-09-12T14:00:48Z	ibm_fez	20260912T123738000000Z	new
2026-09-12T14:12:50Z	ibm_fez	20260912T123738000000Z	duplicate
2026-09-12T14:20:25Z	ibm_fez	20260912T135810000000Z	new
2026-09-12T14:24:55Z	ibm_fez	20260912T135810000000Z	duplicate
2026-09-12T16:58:37Z	ibm_fez	20260912T163822000000Z	new
2026-09-12T17:15:33Z	ibm_fez	20260912T163822000000Z	duplicate
2026-09-12T17:25:05Z	ibm_fez	20260912T163822000000Z	duplicate
2026-09-12T17:27:39Z	ibm_fez	20260912T163822000000Z	duplicate
2026-09-12T19:11:01Z	ibm_fez	20260912T182004000000Z	new
2026-09-12T19:26:29Z	ibm_fez	20260912T182004000000Z	duplicate
2026-09-12T19:37:14Z	ibm_fez	20260912T182004000000Z	duplicate
2026-09-12T19:44:41Z	ibm_fez	20260912T192407000000Z	new
2026-09-12T21:37:33Z	ibm_fez	20260912T203140000000Z	new
2026-09-12T21:42:47Z	ibm_fez	20260912T211723000000Z	new
2026-09-12T22:11:27Z	ibm_fez	20260912T213900000000Z	new
2026-09-12T22:28:06Z	ibm_fez	20260912T213900000000Z	duplicate
2026-09-12T23:18:54Z	ibm_fez	20260912T224654000000Z	new
2026-09-12T23:27:12Z	ibm_fez	20260912T224654000000Z	duplicate
2026-09-13T00:51:18Z	ibm_fez	20260913T001803000000Z	new
2026-09-13T01:06:34Z	ibm_fez	20260913T003355000000Z	new
2026-09-13T01:22:23Z	ibm_fez	20260913T003355000000Z	duplicate
2026-09-13T01:27:19Z	ibm_fez	20260913T010937000000Z	new
2026-09-13T05:58:49Z	ibm_fez	20260913T051005000000Z	new
2026-09-13T06:17:15Z	ibm_fez	20260913T051005000000Z	duplicate
2026-09-13T06:43:28Z	ibm_fez	20260913T051005000000Z	duplicate
2026-09-13T06:48:53Z	ibm_fez	20260913T063029000000Z	new
2026-09-13T09:44:22Z	ibm_fez	20260911T085612000000Z	duplicate-partial
2026-09-13T09:44:22Z	ibm_fez	20260911T095710000000Z	duplicate
2026-09-13T09:44:22Z	ibm_fez	20260911T104619000000Z	duplicate-partial
2026-09-13T09:44:22Z	ibm_fez	20260911T120812000000Z	duplicate
2026-09-13T09:44:22Z	ibm_fez	20260911T133807000000Z	duplicate-partial
2026-09-13T09:44:22Z	ibm_fez	20260911T150201000000Z	duplicate-partial
2026-09-13T09:44:22Z	ibm_fez	20260911T163134000000Z	duplicate
2026-09-13T09:44:22Z	ibm_fez	20260911T181035000000Z	duplicate
2026-09-13T09:44:22Z	ibm_fez	20260911T192439000000Z	duplicate-partial
2026-09-13T09:44:22Z	ibm_fez	20260911T194858000000Z	duplicate
2026-09-13T09:44:22Z	ibm_fez	20260911T211153000000Z	duplicate
2026-09-13T09:44:22Z	ibm_fez	20260911T215904000000Z	duplicate-partial
2026-09-13T09:44:22Z	ibm_fez	20260911T224812000000Z	duplicate-partial
2026-09-13T09:44:22Z	ibm_fez	20260912T002522000000Z	duplicate-partial
2026-09-13T09:44:22Z	ibm_fez	20260912T004954000000Z	duplicate-partial
2026-09-13T09:44:22Z	ibm_fez	20260912T012639000000Z	duplicate
2026-09-13T09:44:22Z	ibm_fez	20260912T032140000000Z	duplicate
2026-09-13T09:44:22Z	ibm_fez	20260912T035338000000Z	duplicate
2026-09-13T09:44:22Z	ibm_fez	20260912T052759000000Z	duplicate-partial
2026-09-13T09:44:22Z	ibm_fez	20260912T060940000000Z	duplicate-partial
2026-09-13T09:44:22Z	ibm_fez	20260912T072853000000Z	duplicate
2026-09-13T09:44:22Z	ibm_fez	20260912T074611000000Z	new
2026-09-13T09:44:22Z	ibm_fez	20260912T091614000000Z	new
2026-09-13T09:44:22Z	ibm_fez	20260912T100723000000Z	duplicate-partial
2026-09-13T09:44:22Z	ibm_fez	20260912T104617000000Z	duplicate-partial
2026-09-13T09:44:22Z	ibm_fez	20260912T122205000000Z	new
2026-09-13T09:44:22Z	ibm_fez	20260912T123738000000Z	duplicate-partial
2026-09-13T09:44:22Z	ibm_fez	20260912T135810000000Z	duplicate-partial
2026-09-13T09:44:22Z	ibm_fez	20260912T151246000000Z	new
2026-09-13T09:44:22Z	ibm_fez	20260912T153933000000Z	new
2026-09-13T09:44:22Z	ibm_fez	20260912T172443000000Z	new
2026-09-13T09:44:22Z	ibm_fez	20260912T181046000000Z	new
2026-09-13T09:44:22Z	ibm_fez	20260912T192407000000Z	duplicate-partial
2026-09-13T09:44:22Z	ibm_fez	20260912T194608000000Z	new
2026-09-13T09:44:22Z	ibm_fez	20260912T211723000000Z	duplicate-partial
2026-09-13T09:44:22Z	ibm_fez	20260912T221926000000Z	new
2026-09-13T09:44:22Z	ibm_fez	20260912T232411000000Z	new
2026-09-13T09:44:22Z	ibm_fez	20260913T001803000000Z	duplicate-partial
2026-09-13T09:44:22Z	ibm_fez	20260913T010937000000Z	duplicate-partial
2026-09-13T09:44:22Z	ibm_fez	20260913T021438000000Z	new
2026-09-13T09:44:22Z	ibm_fez	20260913T031255000000Z	new
2026-09-13T09:44:22Z	ibm_fez	20260913T032615000000Z	new
2026-09-13T09:44:22Z	ibm_fez	20260913T051005000000Z	duplicate-partial
2026-09-13T09:44:22Z	ibm_fez	20260913T063029000000Z	duplicate-partial
2026-09-13T09:44:22Z	ibm_fez	20260913T072543000000Z	new
2026-09-13T09:44:22Z	ibm_fez	20260913T082036000000Z	new
2026-09-13T09:44:22Z	ibm_fez	20260913T092613000000Z	new
2026-09-13T11:40:36Z	ibm_fez	20260913T110620000000Z	new
2026-09-13T12:00:07Z	ibm_fez	20260913T111625000000Z	new
2026-09-13T12:20:41Z	ibm_fez	20260913T111625000000Z	duplicate
2026-09-13T12:49:43Z	ibm_fez	20260913T111625000000Z	duplicate
2026-09-13T16:08:30Z	ibm_fez	20260913T153104000000Z	new
2026-09-13T16:25:46Z	ibm_fez	20260913T155800000000Z	new
2026-09-13T16:39:40Z	ibm_fez	20260913T155800000000Z	duplicate
2026-09-13T17:02:45Z	ibm_fez	20260913T155800000000Z	duplicate
2026-09-13T18:59:47Z	ibm_fez	20260913T174717000000Z	new
2026-09-13T19:21:20Z	ibm_fez	20260913T185436000000Z	new
2026-09-13T19:31:31Z	ibm_fez	20260913T185436000000Z	duplicate
2026-09-13T19:42:44Z	ibm_fez	20260913T192122000000Z	new
2026-09-13T21:46:32Z	ibm_fez	20260913T211203000000Z	new
2026-09-13T22:20:46Z	ibm_fez	20260913T214738000000Z	new
2026-09-13T22:28:00Z	ibm_fez	20260913T221357000000Z	new
2026-09-13T22:34:34Z	ibm_fez	20260913T221357000000Z	duplicate
2026-09-13T23:38:34Z	ibm_fez	20260913T225347000000Z	new
2026-09-14T00:23:08Z	ibm_fez	20260913T232614000000Z	new
2026-09-14T00:57:10Z	ibm_fez	20260914T000708000000Z	new
2026-09-14T01:12:27Z	ibm_fez	20260914T000708000000Z	duplicate
2026-09-14T01:44:32Z	ibm_fez	20260914T005701000000Z	new
2026-09-14T05:22:37Z	ibm_fez	20260914T034306000000Z	new
2026-09-14T06:05:28Z	ibm_fez	20260914T051033000000Z	new
2026-09-14T06:24:58Z	ibm_fez	20260914T055915000000Z	new
2026-09-14T07:11:03Z	ibm_fez	20260914T063801000000Z	new
2026-09-14T10:08:06Z	ibm_fez	20260912T093105000000Z	new
2026-09-14T10:08:06Z	ibm_fez	20260912T104617000000Z	duplicate-partial
2026-09-14T10:08:06Z	ibm_fez	20260912T123738000000Z	duplicate-partial
2026-09-14T10:08:06Z	ibm_fez	20260912T143048000000Z	new
2026-09-14T10:08:06Z	ibm_fez	20260912T153933000000Z	duplicate
2026-09-14T10:08:06Z	ibm_fez	20260912T163822000000Z	duplicate-partial
2026-09-14T10:08:06Z	ibm_fez	20260912T172443000000Z	duplicate
2026-09-14T10:08:06Z	ibm_fez	20260912T182004000000Z	duplicate-partial
2026-09-14T10:08:06Z	ibm_fez	20260912T194608000000Z	duplicate
2026-09-14T10:08:06Z	ibm_fez	20260912T203140000000Z	duplicate-partial
2026-09-14T10:08:06Z	ibm_fez	20260912T213900000000Z	duplicate-partial
2026-09-14T10:08:06Z	ibm_fez	20260912T224654000000Z	duplicate-partial
2026-09-14T10:08:06Z	ibm_fez	20260912T232411000000Z	duplicate
2026-09-14T10:08:06Z	ibm_fez	20260913T003355000000Z	duplicate-partial
2026-09-14T10:08:06Z	ibm_fez	20260913T013504000000Z	new
2026-09-14T10:08:06Z	ibm_fez	20260913T021438000000Z	duplicate
2026-09-14T10:08:06Z	ibm_fez	20260913T032615000000Z	duplicate
2026-09-14T10:08:06Z	ibm_fez	20260913T051005000000Z	duplicate-partial
2026-09-14T10:08:06Z	ibm_fez	20260913T064624000000Z	new
2026-09-14T10:08:06Z	ibm_fez	20260913T072543000000Z	duplicate
2026-09-14T10:08:06Z	ibm_fez	20260913T082036000000Z	duplicate
2026-09-14T10:08:06Z	ibm_fez	20260913T093755000000Z	new
2026-09-14T10:08:06Z	ibm_fez	20260913T103721000000Z	new
2026-09-14T10:08:06Z	ibm_fez	20260913T111625000000Z	duplicate-partial
2026-09-14T10:08:06Z	ibm_fez	20260913T125332000000Z	new
2026-09-14T10:08:06Z	ibm_fez	20260913T141918000000Z	new
2026-09-14T10:08:06Z	ibm_fez	20260913T154637000000Z	new
2026-09-14T10:08:06Z	ibm_fez	20260913T155800000000Z	duplicate-partial
2026-09-14T10:08:06Z	ibm_fez	20260913T174717000000Z	duplicate-partial
2026-09-14T10:08:06Z	ibm_fez	20260913T192122000000Z	duplicate-partial
2026-09-14T10:08:06Z	ibm_fez	20260913T203314000000Z	new
2026-09-14T10:08:06Z	ibm_fez	20260913T214738000000Z	duplicate-partial
2026-09-14T10:08:06Z	ibm_fez	20260913T221357000000Z	duplicate-partial
2026-09-14T10:08:06Z	ibm_fez	20260913T232614000000Z	duplicate-partial
2026-09-14T10:08:06Z	ibm_fez	20260914T000708000000Z	duplicate-partial
2026-09-14T10:08:06Z	ibm_fez	20260914T012938000000Z	new
2026-09-14T10:08:06Z	ibm_fez	20260914T023434000000Z	new
2026-09-14T10:08:06Z	ibm_fez	20260914T034306000000Z	duplicate-partial
2026-09-14T10:08:06Z	ibm_fez	20260914T051033000000Z	duplicate-partial
2026-09-14T10:08:06Z	ibm_fez	20260914T063801000000Z	duplicate-partial
2026-09-14T10:08:06Z	ibm_fez	20260914T073402000000Z	new
2026-09-14T10:08:06Z	ibm_fez	20260914T083114000000Z	new
2026-09-14T10:08:06Z	ibm_fez	20260914T092839000000Z	new
2026-09-14T10:56:51Z	ibm_fez	20260914T103549000000Z	new
2026-09-14T12:36:36Z	ibm_fez	20260914T114617000000Z	new
2026-09-14T14:11:58Z	ibm_fez	20260914T132618000000Z	new
2026-09-14T14:26:07Z	ibm_fez	20260914T135903000000Z	new
2026-09-14T17:02:25Z	ibm_fez	20260914T162836000000Z	new
2026-09-14T18:32:34Z	ibm_fez	20260914T173503000000Z	new
2026-09-14T19:27:07Z	ibm_fez	20260914T185727000000Z	new
2026-09-14T19:37:37Z	ibm_fez	20260914T185727000000Z	duplicate
2026-09-14T21:02:31Z	ibm_fez	20260914T200218000000Z	new
2026-09-14T22:25:47Z	ibm_fez	20260914T214348000000Z	new
2026-09-14T22:46:21Z	ibm_fez	20260914T214348000000Z	duplicate
2026-09-14T23:11:48Z	ibm_fez	20260914T223625000000Z	new
2026-09-14T23:58:16Z	ibm_fez	20260914T223625000000Z	duplicate
2026-09-15T00:58:17Z	ibm_fez	20260914T235220000000Z	new
2026-09-15T01:22:43Z	ibm_fez	20260915T005902000000Z	new
2026-09-15T01:33:25Z	ibm_fez	20260915T005902000000Z	duplicate
2026-09-15T05:14:18Z	ibm_fez	20260915T043251000000Z	new
2026-09-15T06:46:49Z	ibm_fez	20260915T060635000000Z	new
2026-09-15T07:37:48Z	ibm_fez	20260915T064040000000Z	new
2026-09-15T07:51:12Z	ibm_fez	20260915T064040000000Z	duplicate
2026-09-15T09:36:53Z	ibm_fez	20260913T082036000000Z	duplicate
2026-09-15T09:36:53Z	ibm_fez	20260913T093755000000Z	duplicate
2026-09-15T09:36:53Z	ibm_fez	20260913T110620000000Z	duplicate-partial
2026-09-15T09:36:53Z	ibm_fez	20260913T111625000000Z	duplicate-partial
2026-09-15T09:36:53Z	ibm_fez	20260913T125332000000Z	duplicate
2026-09-15T09:36:53Z	ibm_fez	20260913T141918000000Z	duplicate
2026-09-15T09:36:53Z	ibm_fez	20260913T145606000000Z	new
2026-09-15T09:36:53Z	ibm_fez	20260913T155800000000Z	duplicate-partial
2026-09-15T09:36:53Z	ibm_fez	20260913T170645000000Z	new
2026-09-15T09:36:53Z	ibm_fez	20260913T174717000000Z	duplicate-partial
2026-09-15T09:36:53Z	ibm_fez	20260913T185436000000Z	duplicate-partial
2026-09-15T09:36:53Z	ibm_fez	20260913T201621000000Z	new
2026-09-15T09:36:53Z	ibm_fez	20260913T211203000000Z	duplicate-partial
2026-09-15T09:36:53Z	ibm_fez	20260913T221357000000Z	duplicate-partial
2026-09-15T09:36:53Z	ibm_fez	20260913T225347000000Z	duplicate-partial
2026-09-15T09:36:53Z	ibm_fez	20260914T000708000000Z	duplicate-partial
2026-09-15T09:36:53Z	ibm_fez	20260914T005701000000Z	duplicate-partial
2026-09-15T09:36:53Z	ibm_fez	20260914T021611000000Z	new
2026-09-15T09:36:53Z	ibm_fez	20260914T023434000000Z	duplicate
2026-09-15T09:36:53Z	ibm_fez	20260914T034306000000Z	duplicate-partial
2026-09-15T09:36:53Z	ibm_fez	20260914T051033000000Z	duplicate-partial
2026-09-15T09:36:53Z	ibm_fez	20260914T055915000000Z	duplicate-partial
2026-09-15T09:36:53Z	ibm_fez	20260914T064622000000Z	new
2026-09-15T09:36:53Z	ibm_fez	20260914T073402000000Z	duplicate
2026-09-15T09:36:53Z	ibm_fez	20260914T083114000000Z	duplicate
2026-09-15T09:36:53Z	ibm_fez	20260914T101344000000Z	new
2026-09-15T09:36:53Z	ibm_fez	20260914T103549000000Z	duplicate-partial
2026-09-15T09:36:53Z	ibm_fez	20260914T114617000000Z	duplicate-partial
2026-09-15T09:36:53Z	ibm_fez	20260914T124416000000Z	new
2026-09-15T09:36:53Z	ibm_fez	20260914T135903000000Z	duplicate-partial
2026-09-15T09:36:53Z	ibm_fez	20260914T145809000000Z	new
2026-09-15T09:36:53Z	ibm_fez	20260914T161104000000Z	new
2026-09-15T09:36:53Z	ibm_fez	20260914T162836000000Z	duplicate-partial
2026-09-15T09:36:53Z	ibm_fez	20260914T180832000000Z	new
2026-09-15T09:36:53Z	ibm_fez	20260914T185727000000Z	duplicate-partial
2026-09-15T09:36:53Z	ibm_fez	20260914T200218000000Z	duplicate-partial
2026-09-15T09:36:53Z	ibm_fez	20260914T211357000000Z	new
2026-09-15T09:36:53Z	ibm_fez	20260914T214348000000Z	duplicate-partial
2026-09-15T09:36:53Z	ibm_fez	20260914T223625000000Z	duplicate-partial
2026-09-15T09:36:53Z	ibm_fez	20260914T235220000000Z	duplicate-partial
2026-09-15T09:36:53Z	ibm_fez	20260915T005902000000Z	duplicate-partial
2026-09-15T09:36:53Z	ibm_fez	20260915T020525000000Z	new
2026-09-15T09:36:53Z	ibm_fez	20260915T030516000000Z	new
2026-09-15T09:36:53Z	ibm_fez	20260915T034507000000Z	new
2026-09-15T09:36:53Z	ibm_fez	20260915T045501000000Z	new
2026-09-15T09:36:53Z	ibm_fez	20260915T060635000000Z	duplicate-partial
2026-09-15T09:36:53Z	ibm_fez	20260915T064040000000Z	duplicate-partial
2026-09-15T09:36:53Z	ibm_fez	20260915T074622000000Z	new
2026-09-15T09:36:53Z	ibm_fez	20260915T090102000000Z	new
2026-09-15T10:23:37Z	ibm_fez	20260915T095832000000Z	new
2026-09-15T12:13:34Z	ibm_fez	20260915T105511000000Z	new
2026-09-15T13:26:52Z	ibm_fez	20260915T122847000000Z	new
2026-09-15T13:39:35Z	ibm_fez	20260915T122847000000Z	duplicate
2026-09-15T15:14:43Z	ibm_fez	20260915T144056000000Z	new
2026-09-15T17:19:16Z	ibm_fez	20260915T161846000000Z	new
2026-09-15T18:07:03Z	ibm_fez	20260915T170135000000Z	new
2026-09-15T18:16:30Z	ibm_fez	20260915T175419000000Z	new
2026-09-15T19:10:35Z	ibm_fez	20260915T183257000000Z	new
2026-09-15T20:29:07Z	ibm_fez	20260915T200822000000Z	new
2026-09-15T21:16:20Z	ibm_fez	20260915T204703000000Z	new
2026-09-15T21:27:40Z	ibm_fez	20260915T204703000000Z	duplicate
2026-09-15T22:25:15Z	ibm_fez	20260915T214955000000Z	new
2026-09-15T23:12:43Z	ibm_fez	20260915T225214000000Z	new
2026-09-16T00:09:45Z	ibm_fez	20260915T234528000000Z	new
2026-09-16T00:27:19Z	ibm_fez	20260915T234528000000Z	duplicate
2026-09-16T00:44:56Z	ibm_fez	20260916T001743000000Z	new
2026-09-16T01:45:35Z	ibm_fez	20260916T001743000000Z	duplicate
2026-09-16T05:54:39Z	ibm_fez	20260916T050633000000Z	new
2026-09-16T06:07:36Z	ibm_fez	20260916T050633000000Z	duplicate
2026-09-16T06:38:53Z	ibm_fez	20260916T050633000000Z	duplicate
2026-09-16T06:51:32Z	ibm_fez	20260916T062655000000Z	new
2026-09-16T09:31:48Z	ibm_fez	20260914T083114000000Z	duplicate
2026-09-16T09:31:48Z	ibm_fez	20260914T092839000000Z	duplicate-partial
2026-09-16T09:31:48Z	ibm_fez	20260914T103549000000Z	duplicate-partial
2026-09-16T09:31:48Z	ibm_fez	20260914T114617000000Z	duplicate-partial
2026-09-16T09:31:48Z	ibm_fez	20260914T124416000000Z	duplicate
2026-09-16T09:31:48Z	ibm_fez	20260914T135903000000Z	duplicate-partial
2026-09-16T09:31:48Z	ibm_fez	20260914T145809000000Z	duplicate
2026-09-16T09:31:48Z	ibm_fez	20260914T161104000000Z	duplicate
2026-09-16T09:31:48Z	ibm_fez	20260914T162836000000Z	duplicate-partial
2026-09-16T09:31:48Z	ibm_fez	20260914T173503000000Z	duplicate-partial
2026-09-16T09:31:48Z	ibm_fez	20260914T185727000000Z	duplicate-partial
2026-09-16T09:31:48Z	ibm_fez	20260914T200218000000Z	duplicate-partial
2026-09-16T09:31:48Z	ibm_fez	20260914T211357000000Z	duplicate
2026-09-16T09:31:48Z	ibm_fez	20260914T214348000000Z	duplicate-partial
2026-09-16T09:31:48Z	ibm_fez	20260914T223625000000Z	duplicate-partial
2026-09-16T09:31:48Z	ibm_fez	20260914T235220000000Z	duplicate-partial
2026-09-16T09:31:48Z	ibm_fez	20260915T005902000000Z	duplicate-partial
2026-09-16T09:31:48Z	ibm_fez	20260915T020525000000Z	duplicate
2026-09-16T09:31:48Z	ibm_fez	20260915T030516000000Z	duplicate
2026-09-16T09:31:48Z	ibm_fez	20260915T034507000000Z	duplicate
2026-09-16T09:31:48Z	ibm_fez	20260915T045501000000Z	duplicate
2026-09-16T09:31:48Z	ibm_fez	20260915T055954000000Z	new
2026-09-16T09:31:48Z	ibm_fez	20260915T064040000000Z	duplicate-partial
2026-09-16T09:31:48Z	ibm_fez	20260915T074622000000Z	duplicate
2026-09-16T09:31:48Z	ibm_fez	20260915T090102000000Z	duplicate-partial
2026-09-16T09:31:48Z	ibm_fez	20260915T095832000000Z	duplicate-partial
2026-09-16T09:31:48Z	ibm_fez	20260915T105511000000Z	duplicate-partial
2026-09-16T09:31:48Z	ibm_fez	20260915T120310000000Z	new
2026-09-16T09:31:48Z	ibm_fez	20260915T122847000000Z	duplicate-partial
2026-09-16T09:31:48Z	ibm_fez	20260915T135906000000Z	new
2026-09-16T09:31:48Z	ibm_fez	20260915T144659000000Z	new
2026-09-16T09:31:48Z	ibm_fez	20260915T155541000000Z	new
2026-09-16T09:31:48Z	ibm_fez	20260915T170135000000Z	duplicate-partial
2026-09-16T09:31:48Z	ibm_fez	20260915T175419000000Z	duplicate-partial
2026-09-16T09:31:48Z	ibm_fez	20260915T184817000000Z	new
2026-09-16T09:31:48Z	ibm_fez	20260915T200822000000Z	duplicate-partial
2026-09-16T09:31:48Z	ibm_fez	20260915T211109000000Z	new
2026-09-16T09:31:48Z	ibm_fez	20260915T214955000000Z	duplicate-partial
2026-09-16T09:31:48Z	ibm_fez	20260915T225214000000Z	duplicate-partial
2026-09-16T09:31:48Z	ibm_fez	20260915T234528000000Z	duplicate-partial
2026-09-16T09:31:48Z	ibm_fez	20260916T001743000000Z	duplicate-partial
2026-09-16T09:31:48Z	ibm_fez	20260916T020227000000Z	new
2026-09-16T09:31:48Z	ibm_fez	20260916T025906000000Z	new
2026-09-16T09:31:48Z	ibm_fez	20260916T041119000000Z	new
2026-09-16T09:31:48Z	ibm_fez	20260916T050633000000Z	duplicate-partial
2026-09-16T09:31:48Z	ibm_fez	20260916T062655000000Z	duplicate-partial
2026-09-16T09:31:48Z	ibm_fez	20260916T080602000000Z	new
2026-09-16T09:31:48Z	ibm_fez	20260916T091113000000Z	new
2026-09-16T11:23:48Z	ibm_fez	20260916T105913000000Z	new
2026-09-16T11:45:38Z	ibm_fez	20260916T111640000000Z	new
2026-09-16T12:13:36Z	ibm_fez	20260916T111640000000Z	duplicate
2026-09-16T12:47:52Z	ibm_fez	20260916T111640000000Z	duplicate
2026-09-16T16:44:30Z	ibm_fez	20260916T161213000000Z	new
2026-09-16T17:06:13Z	ibm_fez	20260916T161213000000Z	duplicate
2026-09-16T17:18:55Z	ibm_fez	20260916T161213000000Z	duplicate
2026-09-16T17:43:24Z	ibm_fez	20260916T161213000000Z	duplicate
2026-09-16T20:00:23Z	ibm_fez	20260916T190807000000Z	new
2026-09-16T20:13:29Z	ibm_fez	20260916T190807000000Z	duplicate
2026-09-16T20:28:08Z	ibm_fez	20260916T190807000000Z	duplicate
2026-09-16T21:38:33Z	ibm_fez	20260916T205826000000Z	new
2026-09-16T22:52:24Z	ibm_fez	20260916T205826000000Z	duplicate
2026-09-16T23:00:38Z	ibm_fez	20260916T205826000000Z	duplicate
2026-09-16T23:17:25Z	ibm_fez	20260916T224009000000Z	new
2026-09-17T00:51:26Z	ibm_fez	20260917T001817000000Z	new
2026-09-17T01:18:26Z	ibm_fez	20260917T001817000000Z	duplicate
2026-09-17T01:30:31Z	ibm_fez	20260917T011201000000Z	new
2026-09-17T01:46:07Z	ibm_fez	20260917T011201000000Z	duplicate
2026-09-17T06:36:36Z	ibm_fez	20260917T054323000000Z	new
2026-09-17T06:44:30Z	ibm_fez	20260917T054323000000Z	duplicate
2026-09-17T07:33:25Z	ibm_fez	20260917T065058000000Z	new
2026-09-17T07:46:46Z	ibm_fez	20260917T065058000000Z	duplicate
2026-09-17T09:39:54Z	ibm_fez	20260915T090102000000Z	duplicate-partial
2026-09-17T09:39:54Z	ibm_fez	20260915T095832000000Z	duplicate-partial
2026-09-17T09:39:54Z	ibm_fez	20260915T105511000000Z	duplicate-partial
2026-09-17T09:39:54Z	ibm_fez	20260915T121500000000Z	new
2026-09-17T09:39:54Z	ibm_fez	20260915T122847000000Z	duplicate-partial
2026-09-17T09:39:54Z	ibm_fez	20260915T141330000000Z	new
2026-09-17T09:39:54Z	ibm_fez	20260915T152349000000Z	new
2026-09-17T09:39:54Z	ibm_fez	20260915T161846000000Z	duplicate-partial
2026-09-17T09:39:54Z	ibm_fez	20260915T170135000000Z	duplicate-partial
2026-09-17T09:39:54Z	ibm_fez	20260915T175419000000Z	duplicate-partial
2026-09-17T09:39:54Z	ibm_fez	20260915T184817000000Z	duplicate
2026-09-17T09:39:54Z	ibm_fez	20260915T200822000000Z	duplicate-partial
2026-09-17T09:39:54Z	ibm_fez	20260915T211109000000Z	duplicate
2026-09-17T09:39:54Z	ibm_fez	20260915T214955000000Z	duplicate-partial
2026-09-17T09:39:54Z	ibm_fez	20260915T225214000000Z	duplicate-partial
2026-09-17T09:39:54Z	ibm_fez	20260916T001743000000Z	duplicate-partial
2026-09-17T09:39:54Z	ibm_fez	20260916T020227000000Z	duplicate
2026-09-17T09:39:54Z	ibm_fez	20260916T025906000000Z	duplicate
2026-09-17T09:39:54Z	ibm_fez	20260916T041119000000Z	duplicate
2026-09-17T09:39:54Z	ibm_fez	20260916T050633000000Z	duplicate-partial
2026-09-17T09:39:54Z	ibm_fez	20260916T062655000000Z	duplicate-partial
2026-09-17T09:39:54Z	ibm_fez	20260916T080602000000Z	duplicate
2026-09-17T09:39:54Z	ibm_fez	20260916T091113000000Z	duplicate-partial
2026-09-17T09:39:54Z	ibm_fez	20260916T095223000000Z	new
2026-09-17T09:39:54Z	ibm_fez	20260916T111640000000Z	duplicate-partial
2026-09-17T09:39:54Z	ibm_fez	20260916T125015000000Z	new
2026-09-17T09:39:54Z	ibm_fez	20260916T142714000000Z	new
2026-09-17T09:39:54Z	ibm_fez	20260916T161213000000Z	duplicate-partial
2026-09-17T09:39:54Z	ibm_fez	20260916T173708000000Z	new
2026-09-17T09:39:54Z	ibm_fez	20260916T190241000000Z	new
2026-09-17T09:39:54Z	ibm_fez	20260916T190807000000Z	duplicate-partial
2026-09-17T09:39:54Z	ibm_fez	20260916T205826000000Z	duplicate-partial
2026-09-17T09:39:54Z	ibm_fez	20260916T230559000000Z	new
2026-09-17T09:39:54Z	ibm_fez	20260917T001817000000Z	duplicate-partial
2026-09-17T09:39:54Z	ibm_fez	20260917T011201000000Z	duplicate-partial
2026-09-17T09:39:54Z	ibm_fez	20260917T020038000000Z	new
2026-09-17T09:39:54Z	ibm_fez	20260917T030959000000Z	new
2026-09-17T09:39:54Z	ibm_fez	20260917T033248000000Z	new
2026-09-17T09:39:54Z	ibm_fez	20260917T044632000000Z	new
2026-09-17T09:39:54Z	ibm_fez	20260917T054323000000Z	duplicate-partial
2026-09-17T09:39:54Z	ibm_fez	20260917T065058000000Z	duplicate-partial
2026-09-17T09:39:54Z	ibm_fez	20260917T080630000000Z	new
2026-09-17T12:01:54Z	ibm_fez	20260917T103259000000Z	new
2026-09-17T12:11:57Z	ibm_fez	20260917T103259000000Z	duplicate
2026-09-17T13:22:21Z	ibm_fez	20260917T120210000000Z	new
2026-09-17T13:34:16Z	ibm_fez	20260917T120210000000Z	duplicate
2026-09-17T17:14:07Z	ibm_fez	20260917T152044000000Z	new
2026-09-17T17:18:02Z	ibm_fez	20260917T165607000000Z	new
2026-09-17T18:08:55Z	ibm_fez	20260917T165607000000Z	duplicate
2026-09-17T18:19:37Z	ibm_fez	20260917T165607000000Z	duplicate
2026-09-17T20:31:34Z	ibm_fez	20260917T200627000000Z	new
2026-09-17T20:35:35Z	ibm_fez	20260917T200627000000Z	duplicate
2026-09-17T21:30:19Z	ibm_fez	20260917T200627000000Z	duplicate
2026-09-17T22:05:06Z	ibm_fez	20260917T200627000000Z	duplicate
2026-09-17T23:02:39Z	ibm_fez	20260917T214618000000Z	new
2026-09-17T23:08:19Z	ibm_fez	20260917T214618000000Z	duplicate
2026-09-18T00:09:40Z	ibm_fez	20260917T233028000000Z	new
2026-09-18T00:26:15Z	ibm_fez	20260917T233028000000Z	duplicate
2026-09-18T01:25:35Z	ibm_fez	20260917T233028000000Z	duplicate
2026-09-18T01:36:12Z	ibm_fez	20260917T233028000000Z	duplicate
2026-09-18T05:48:41Z	ibm_fez	20260918T043016000000Z	new
2026-09-18T06:00:19Z	ibm_fez	20260918T043016000000Z	duplicate
2026-09-18T06:33:23Z	ibm_fez	20260918T062633000000Z	new
2026-09-18T06:43:25Z	ibm_fez	20260918T062633000000Z	duplicate
2026-09-18T09:12:30Z	ibm_fez	20260916T080602000000Z	duplicate
2026-09-18T09:12:30Z	ibm_fez	20260916T095223000000Z	duplicate
2026-09-18T09:12:30Z	ibm_fez	20260916T111640000000Z	duplicate-partial
2026-09-18T09:12:30Z	ibm_fez	20260916T125015000000Z	duplicate
2026-09-18T09:12:30Z	ibm_fez	20260916T142714000000Z	duplicate
2026-09-18T09:12:30Z	ibm_fez	20260916T161213000000Z	duplicate-partial
2026-09-18T09:12:30Z	ibm_fez	20260916T173708000000Z	duplicate
2026-09-18T09:12:30Z	ibm_fez	20260916T182010000000Z	new
2026-09-18T09:12:30Z	ibm_fez	20260916T190807000000Z	duplicate-partial
2026-09-18T09:12:30Z	ibm_fez	20260916T205826000000Z	duplicate-partial
2026-09-18T09:12:30Z	ibm_fez	20260916T224009000000Z	duplicate-partial
2026-09-18T09:12:30Z	ibm_fez	20260916T233705000000Z	new
2026-09-18T09:12:30Z	ibm_fez	20260917T001817000000Z	duplicate-partial
2026-09-18T09:12:30Z	ibm_fez	20260917T013855000000Z	new
2026-09-18T09:12:30Z	ibm_fez	20260917T023249000000Z	new
2026-09-18T09:12:30Z	ibm_fez	20260917T033248000000Z	duplicate
2026-09-18T09:12:30Z	ibm_fez	20260917T044632000000Z	duplicate
2026-09-18T09:12:30Z	ibm_fez	20260917T054323000000Z	duplicate-partial
2026-09-18T09:12:30Z	ibm_fez	20260917T065058000000Z	duplicate-partial
2026-09-18T09:12:30Z	ibm_fez	20260917T080630000000Z	duplicate-partial
2026-09-18T09:12:30Z	ibm_fez	20260917T094624000000Z	new
2026-09-18T09:12:30Z	ibm_fez	20260917T103259000000Z	duplicate-partial
2026-09-18T09:12:30Z	ibm_fez	20260917T120210000000Z	duplicate-partial
2026-09-18T09:12:30Z	ibm_fez	20260917T134132000000Z	new
2026-09-18T09:12:30Z	ibm_fez	20260917T152044000000Z	duplicate-partial
2026-09-18T09:12:30Z	ibm_fez	20260917T165607000000Z	duplicate-partial
2026-09-18T09:12:30Z	ibm_fez	20260917T182749000000Z	new
2026-09-18T09:12:30Z	ibm_fez	20260917T200627000000Z	duplicate-partial
2026-09-18T09:12:30Z	ibm_fez	20260917T214618000000Z	duplicate-partial
2026-09-18T09:12:30Z	ibm_fez	20260917T233028000000Z	duplicate-partial
2026-09-18T09:12:30Z	ibm_fez	20260918T010735000000Z	new
2026-09-18T09:12:30Z	ibm_fez	20260918T032402000000Z	new
2026-09-18T09:12:30Z	ibm_fez	20260918T043016000000Z	duplicate-partial
2026-09-18T09:12:30Z	ibm_fez	20260918T062633000000Z	duplicate-partial
2026-09-18T09:12:30Z	ibm_fez	20260918T070714000000Z	new
2026-09-18T09:12:30Z	ibm_fez	20260918T080233000000Z	new
2026-09-18T11:04:43Z	ibm_fez	20260918T095711000000Z	new
2026-09-18T11:25:31Z	ibm_fez	20260918T104615000000Z	new
2026-09-18T11:43:19Z	ibm_fez	20260918T110536000000Z	new
2026-09-18T11:53:51Z	ibm_fez	20260918T110536000000Z	duplicate
2026-09-18T14:56:23Z	ibm_fez	20260918T141825000000Z	new
2026-09-18T16:31:16Z	ibm_fez	20260918T155652000000Z	new
2026-09-18T16:41:26Z	ibm_fez	20260918T155652000000Z	duplicate
2026-09-18T16:45:27Z	ibm_fez	20260918T155652000000Z	duplicate
2026-09-18T18:19:15Z	ibm_fez	20260918T173732000000Z	new
2026-09-18T19:14:42Z	ibm_fez	20260918T173732000000Z	duplicate
2026-09-18T19:42:14Z	ibm_fez	20260918T191658000000Z	new
2026-09-18T19:55:55Z	ibm_fez	20260918T191658000000Z	duplicate
2026-09-18T21:35:51Z	ibm_fez	20260918T205623000000Z	new
2026-09-18T21:55:22Z	ibm_fez	20260918T205623000000Z	duplicate
2026-09-18T22:38:58Z	ibm_fez	20260918T215326000000Z	new
2026-09-18T22:47:26Z	ibm_fez	20260918T215326000000Z	duplicate
2026-09-19T00:10:36Z	ibm_fez	20260918T225610000000Z	new
2026-09-19T00:41:52Z	ibm_fez	20260919T001618000000Z	new
2026-09-19T01:15:36Z	ibm_fez	20260919T001618000000Z	duplicate
2026-09-19T01:30:47Z	ibm_fez	20260919T005409000000Z	new
2026-09-19T05:10:35Z	ibm_fez	20260919T033315000000Z	new
2026-09-19T05:44:31Z	ibm_fez	20260919T045028000000Z	new
2026-09-19T05:58:59Z	ibm_fez	20260919T052906000000Z	new
2026-09-19T06:31:25Z	ibm_fez	20260919T060708000000Z	new
2026-09-19T09:00:07Z	ibm_fez	20260917T080630000000Z	duplicate-partial
2026-09-19T09:00:07Z	ibm_fez	20260917T092808000000Z	new
2026-09-19T09:00:07Z	ibm_fez	20260917T103259000000Z	duplicate-partial
2026-09-19T09:00:07Z	ibm_fez	20260917T120210000000Z	duplicate-partial
2026-09-19T09:00:07Z	ibm_fez	20260917T132632000000Z	new
2026-09-19T09:00:07Z	ibm_fez	20260917T134132000000Z	duplicate
2026-09-19T09:00:07Z	ibm_fez	20260917T152044000000Z	duplicate-partial
2026-09-19T09:00:07Z	ibm_fez	20260917T165607000000Z	duplicate-partial
2026-09-19T09:00:07Z	ibm_fez	20260917T182749000000Z	duplicate
2026-09-19T09:00:07Z	ibm_fez	20260917T200627000000Z	duplicate-partial
2026-09-19T09:00:07Z	ibm_fez	20260917T214618000000Z	duplicate-partial
2026-09-19T09:00:07Z	ibm_fez	20260917T233028000000Z	duplicate-partial
2026-09-19T09:00:07Z	ibm_fez	20260918T010735000000Z	duplicate
2026-09-19T09:00:07Z	ibm_fez	20260918T032402000000Z	duplicate
2026-09-19T09:00:07Z	ibm_fez	20260918T043016000000Z	duplicate-partial
2026-09-19T09:00:07Z	ibm_fez	20260918T062633000000Z	duplicate-partial
2026-09-19T09:00:07Z	ibm_fez	20260918T070714000000Z	duplicate
2026-09-19T09:00:07Z	ibm_fez	20260918T080233000000Z	duplicate-partial
2026-09-19T09:00:07Z	ibm_fez	20260918T090640000000Z	new
2026-09-19T09:00:07Z	ibm_fez	20260918T095711000000Z	duplicate-partial
2026-09-19T09:00:07Z	ibm_fez	20260918T110536000000Z	duplicate-partial
2026-09-19T09:00:07Z	ibm_fez	20260918T121036000000Z	new
2026-09-19T09:00:07Z	ibm_fez	20260918T123717000000Z	new
2026-09-19T09:00:07Z	ibm_fez	20260918T141825000000Z	duplicate-partial
2026-09-19T09:00:07Z	ibm_fez	20260918T155652000000Z	duplicate-partial
2026-09-19T09:00:07Z	ibm_fez	20260918T173732000000Z	duplicate-partial
2026-09-19T09:00:07Z	ibm_fez	20260918T191658000000Z	duplicate-partial
2026-09-19T09:00:07Z	ibm_fez	20260918T201613000000Z	new
2026-09-19T09:00:07Z	ibm_fez	20260918T205623000000Z	duplicate-partial
2026-09-19T09:00:07Z	ibm_fez	20260918T223610000000Z	new
2026-09-19T09:00:07Z	ibm_fez	20260918T225610000000Z	duplicate-partial
2026-09-19T09:00:07Z	ibm_fez	20260919T001618000000Z	duplicate-partial
2026-09-19T09:00:07Z	ibm_fez	20260919T012156000000Z	new
2026-09-19T09:00:07Z	ibm_fez	20260919T022721000000Z	new
2026-09-19T09:00:07Z	ibm_fez	20260919T033315000000Z	duplicate-partial
2026-09-19T09:00:07Z	ibm_fez	20260919T052906000000Z	duplicate-partial
2026-09-19T09:00:07Z	ibm_fez	20260919T064105000000Z	new
2026-09-19T09:00:07Z	ibm_fez	20260919T070824000000Z	new
2026-09-19T09:00:07Z	ibm_fez	20260919T082615000000Z	new
2026-09-19T09:45:06Z	ibm_fez	20260919T084233000000Z	new
2026-09-19T10:48:45Z	ibm_fez	20260919T095643000000Z	new
2026-09-19T11:09:17Z	ibm_fez	20260919T104645000000Z	new
2026-09-19T11:26:00Z	ibm_fez	20260919T104645000000Z	duplicate
2026-09-19T13:29:54Z	ibm_fez	20260919T125559000000Z	new
2026-09-19T14:19:22Z	ibm_fez	20260919T135359000000Z	new
2026-09-19T14:29:46Z	ibm_fez	20260919T135359000000Z	duplicate
2026-09-19T14:43:58Z	ibm_fez	20260919T135359000000Z	duplicate
2026-09-19T16:50:06Z	ibm_fez	20260919T154508000000Z	new
2026-09-19T17:56:30Z	ibm_fez	20260919T173359000000Z	new
2026-09-19T18:06:05Z	ibm_fez	20260919T173359000000Z	duplicate
2026-09-19T18:11:42Z	ibm_fez	20260919T174616000000Z	new
2026-09-19T19:00:16Z	ibm_fez	20260919T183042000000Z	new
2026-09-19T20:31:23Z	ibm_fez	20260919T195354000000Z	new
2026-09-19T20:48:14Z	ibm_fez	20260919T202308000000Z	new
2026-09-19T20:57:11Z	ibm_fez	20260919T202308000000Z	duplicate
2026-09-19T21:47:58Z	ibm_fez	20260919T212627000000Z	new
2026-09-19T22:53:59Z	ibm_fez	20260919T215651000000Z	new
2026-09-19T23:12:51Z	ibm_fez	20260919T223545000000Z	new
2026-09-19T23:27:51Z	ibm_fez	20260919T230653000000Z	new
2026-09-19T23:37:50Z	ibm_fez	20260919T230653000000Z	duplicate
2026-09-20T00:59:04Z	ibm_fez	20260920T000621000000Z	new
2026-09-20T01:16:11Z	ibm_fez	20260920T004608000000Z	new
2026-09-20T01:32:22Z	ibm_fez	20260920T004608000000Z	duplicate
2026-09-20T01:43:15Z	ibm_fez	20260920T004608000000Z	duplicate
2026-09-20T06:03:48Z	ibm_fez	20260920T043359000000Z	new
2026-09-20T06:23:19Z	ibm_fez	20260920T043359000000Z	duplicate
2026-09-20T06:53:40Z	ibm_fez	20260920T060915000000Z	new
2026-09-20T07:05:25Z	ibm_fez	20260920T061126000000Z	new
2026-09-20T09:28:15Z	ibm_fez	20260918T085935000000Z	new
2026-09-20T09:28:15Z	ibm_fez	20260918T095711000000Z	duplicate-partial
2026-09-20T09:28:15Z	ibm_fez	20260918T110536000000Z	duplicate-partial
2026-09-20T09:28:15Z	ibm_fez	20260918T123717000000Z	duplicate
2026-09-20T09:28:15Z	ibm_fez	20260918T141825000000Z	duplicate-partial
2026-09-20T09:28:15Z	ibm_fez	20260918T155652000000Z	duplicate-partial
2026-09-20T09:28:15Z	ibm_fez	20260918T173732000000Z	duplicate-partial
2026-09-20T09:28:15Z	ibm_fez	20260918T190344000000Z	new
2026-09-20T09:28:15Z	ibm_fez	20260918T191658000000Z	duplicate-partial
2026-09-20T09:28:15Z	ibm_fez	20260918T205623000000Z	duplicate-partial
2026-09-20T09:28:15Z	ibm_fez	20260918T215326000000Z	duplicate-partial
2026-09-20T09:28:15Z	ibm_fez	20260918T225610000000Z	duplicate-partial
2026-09-20T09:28:15Z	ibm_fez	20260918T235621000000Z	new
2026-09-20T09:28:15Z	ibm_fez	20260919T005409000000Z	duplicate-partial
2026-09-20T09:28:15Z	ibm_fez	20260919T012156000000Z	duplicate
2026-09-20T09:28:15Z	ibm_fez	20260919T025242000000Z	new
2026-09-20T09:28:15Z	ibm_fez	20260919T033315000000Z	duplicate-partial
2026-09-20T09:28:15Z	ibm_fez	20260919T045028000000Z	duplicate-partial
2026-09-20T09:28:15Z	ibm_fez	20260919T060708000000Z	duplicate-partial
2026-09-20T09:28:15Z	ibm_fez	20260919T070824000000Z	duplicate
2026-09-20T09:28:15Z	ibm_fez	20260919T074806000000Z	new
2026-09-20T09:28:15Z	ibm_fez	20260919T084233000000Z	duplicate-partial
2026-09-20T09:28:15Z	ibm_fez	20260919T095643000000Z	duplicate-partial
2026-09-20T09:28:15Z	ibm_fez	20260919T104645000000Z	duplicate-partial
2026-09-20T09:28:15Z	ibm_fez	20260919T115517000000Z	new
2026-09-20T09:28:15Z	ibm_fez	20260919T125559000000Z	duplicate-partial
2026-09-20T09:28:15Z	ibm_fez	20260919T135359000000Z	duplicate-partial
2026-09-20T09:28:15Z	ibm_fez	20260919T144624000000Z	new
2026-09-20T09:28:15Z	ibm_fez	20260919T154508000000Z	duplicate-partial
2026-09-20T09:28:15Z	ibm_fez	20260919T163850000000Z	new
2026-09-20T09:28:15Z	ibm_fez	20260919T174616000000Z	duplicate-partial
2026-09-20T09:28:15Z	ibm_fez	20260919T183042000000Z	duplicate-partial
2026-09-20T09:28:15Z	ibm_fez	20260919T195354000000Z	duplicate-partial
2026-09-20T09:28:15Z	ibm_fez	20260919T205857000000Z	new
2026-09-20T09:28:15Z	ibm_fez	20260919T215651000000Z	duplicate-partial
2026-09-20T09:28:15Z	ibm_fez	20260919T230653000000Z	duplicate-partial
2026-09-20T09:28:15Z	ibm_fez	20260920T000621000000Z	duplicate-partial
2026-09-20T09:28:15Z	ibm_fez	20260920T004608000000Z	duplicate-partial
2026-09-20T09:28:15Z	ibm_fez	20260920T012611000000Z	new
2026-09-20T09:28:15Z	ibm_fez	20260920T025635000000Z	new
2026-09-20T09:28:15Z	ibm_fez	20260920T035339000000Z	new
2026-09-20T09:28:15Z	ibm_fez	20260920T043359000000Z	duplicate-partial
2026-09-20T09:28:15Z	ibm_fez	20260920T060915000000Z	duplicate-partial
2026-09-20T09:28:15Z	ibm_fez	20260920T061126000000Z	duplicate-partial
2026-09-20T09:28:15Z	ibm_fez	20260920T073639000000Z	new
2026-09-20T09:28:15Z	ibm_fez	20260920T084217000000Z	new
2026-09-20T11:13:17Z	ibm_fez	20260920T095850000000Z	new
2026-09-20T12:27:44Z	ibm_fez	20260920T113812000000Z	new
2026-09-20T12:35:48Z	ibm_fez	20260920T113812000000Z	duplicate
2026-09-20T12:38:53Z	ibm_fez	20260920T113812000000Z	duplicate
2026-09-20T15:57:56Z	ibm_fez	20260920T152828000000Z	new
2026-09-20T16:27:35Z	ibm_fez	20260920T152828000000Z	duplicate
2026-09-20T16:31:29Z	ibm_fez	20260920T152828000000Z	duplicate
2026-09-20T16:52:19Z	ibm_fez	20260920T152828000000Z	duplicate
2026-09-20T18:42:01Z	ibm_fez	20260920T180052000000Z	new
2026-09-20T19:00:44Z	ibm_fez	20260920T183453000000Z	new
2026-09-20T19:05:10Z	ibm_fez	20260920T183453000000Z	duplicate
2026-09-20T19:31:22Z	ibm_fez	20260920T184618000000Z	new
2026-09-20T21:27:06Z	ibm_fez	20260920T210352000000Z	new
2026-09-20T21:46:32Z	ibm_fez	20260920T210352000000Z	duplicate
2026-09-20T21:54:23Z	ibm_fez	20260920T210352000000Z	duplicate
2026-09-20T22:31:59Z	ibm_fez	20260920T220132000000Z	new
2026-09-21T00:08:01Z	ibm_fez	20260920T232618000000Z	new
2026-09-21T00:27:40Z	ibm_fez	20260920T235824000000Z	new
2026-09-21T00:33:28Z	ibm_fez	20260920T235824000000Z	duplicate
2026-09-21T01:11:55Z	ibm_fez	20260921T003407000000Z	new
2026-09-21T05:22:48Z	ibm_fez	20260921T035956000000Z	new
2026-09-21T05:33:47Z	ibm_fez	20260921T035956000000Z	duplicate
2026-09-21T06:10:04Z	ibm_fez	20260921T053609000000Z	new
2026-09-21T06:28:33Z	ibm_fez	20260921T053609000000Z	duplicate
2026-09-21T10:13:25Z	ibm_fez	20260919T094936000000Z	new
2026-09-21T10:13:25Z	ibm_fez	20260919T104645000000Z	duplicate-partial
2026-09-21T10:13:25Z	ibm_fez	20260919T113635000000Z	new
2026-09-21T10:13:25Z	ibm_fez	20260919T125559000000Z	duplicate-partial
2026-09-21T10:13:25Z	ibm_fez	20260919T135359000000Z	duplicate-partial
2026-09-21T10:13:25Z	ibm_fez	20260919T144624000000Z	duplicate
2026-09-21T10:13:25Z	ibm_fez	20260919T154508000000Z	duplicate-partial
2026-09-21T10:13:25Z	ibm_fez	20260919T163850000000Z	duplicate
2026-09-21T10:13:25Z	ibm_fez	20260919T174616000000Z	duplicate-partial
2026-09-21T10:13:25Z	ibm_fez	20260919T183042000000Z	duplicate-partial
2026-09-21T10:13:25Z	ibm_fez	20260919T195354000000Z	duplicate-partial
2026-09-21T10:13:25Z	ibm_fez	20260919T202308000000Z	duplicate-partial
2026-09-21T10:13:25Z	ibm_fez	20260919T212627000000Z	duplicate-partial
2026-09-21T10:13:25Z	ibm_fez	20260919T223545000000Z	duplicate-partial
2026-09-21T10:13:25Z	ibm_fez	20260919T230653000000Z	duplicate-partial
2026-09-21T10:13:25Z	ibm_fez	20260920T004608000000Z	duplicate-partial
2026-09-21T10:13:25Z	ibm_fez	20260920T012611000000Z	duplicate
2026-09-21T10:13:25Z	ibm_fez	20260920T021754000000Z	new
2026-09-21T10:13:25Z	ibm_fez	20260920T035339000000Z	duplicate
2026-09-21T10:13:25Z	ibm_fez	20260920T043359000000Z	duplicate-partial
2026-09-21T10:13:25Z	ibm_fez	20260920T061126000000Z	duplicate-partial
2026-09-21T10:13:25Z	ibm_fez	20260920T073639000000Z	duplicate
2026-09-21T10:13:25Z	ibm_fez	20260920T084217000000Z	duplicate-partial
2026-09-21T10:13:25Z	ibm_fez	20260920T092118000000Z	new
2026-09-21T10:13:25Z	ibm_fez	20260920T104934000000Z	new
2026-09-21T10:13:25Z	ibm_fez	20260920T113812000000Z	duplicate-partial
2026-09-21T10:13:25Z	ibm_fez	20260920T124610000000Z	new
2026-09-21T10:13:25Z	ibm_fez	20260920T135142000000Z	new
2026-09-21T10:13:25Z	ibm_fez	20260920T142146000000Z	new
2026-09-21T10:13:25Z	ibm_fez	20260920T152828000000Z	duplicate-partial
2026-09-21T10:13:25Z	ibm_fez	20260920T170941000000Z	new
2026-09-21T10:13:25Z	ibm_fez	20260920T184618000000Z	duplicate-partial
2026-09-21T10:13:25Z	ibm_fez	20260920T193557000000Z	new
2026-09-21T10:13:25Z	ibm_fez	20260920T202620000000Z	new
2026-09-21T10:13:25Z	ibm_fez	20260920T210352000000Z	duplicate-partial
2026-09-21T10:13:25Z	ibm_fez	20260920T220132000000Z	duplicate-partial
2026-09-21T10:13:25Z	ibm_fez	20260920T232618000000Z	duplicate-partial
2026-09-21T10:13:25Z	ibm_fez	20260921T003407000000Z	duplicate-partial
2026-09-21T10:13:25Z	ibm_fez	20260921T010211000000Z	new
2026-09-21T10:13:25Z	ibm_fez	20260921T024320000000Z	new
2026-09-21T10:13:25Z	ibm_fez	20260921T033711000000Z	new
2026-09-21T10:13:25Z	ibm_fez	20260921T035956000000Z	duplicate-partial
2026-09-21T10:13:25Z	ibm_fez	20260921T053609000000Z	duplicate-partial
2026-09-21T10:13:25Z	ibm_fez	20260921T064019000000Z	new
2026-09-21T10:13:25Z	ibm_fez	20260921T074424000000Z	new
2026-09-21T10:13:25Z	ibm_fez	20260921T085333000000Z	new
2026-09-21T10:13:25Z	ibm_fez	20260921T094028000000Z	new
2026-09-21T11:02:43Z	ibm_fez	20260921T102633000000Z	new
2026-09-21T11:09:07Z	ibm_fez	20260921T102633000000Z	duplicate
2026-09-21T13:56:03Z	ibm_fez	20260921T131258000000Z	new
2026-09-21T14:17:30Z	ibm_fez	20260921T131258000000Z	duplicate
2026-09-21T17:10:25Z	ibm_fez	20260921T154357000000Z	new
2026-09-21T17:13:16Z	ibm_fez	20260921T154357000000Z	duplicate
2026-09-21T19:18:11Z	ibm_fez	20260921T184008000000Z	new
2026-09-21T19:32:59Z	ibm_fez	20260921T190819000000Z	new
2026-09-21T21:13:12Z	ibm_fez	20260921T202342000000Z	new
2026-09-21T21:15:46Z	ibm_fez	20260921T205359000000Z	new
2026-09-21T23:11:50Z	ibm_fez	20260921T214113000000Z	new
2026-09-21T23:21:42Z	ibm_fez	20260921T214113000000Z	duplicate
2026-09-22T00:15:24Z	ibm_fez	20260921T232827000000Z	new
2026-09-22T00:19:08Z	ibm_fez	20260921T232827000000Z	duplicate
2026-09-22T01:39:42Z	ibm_fez	20260922T010404000000Z	new
2026-09-22T04:41:26Z	ibm_fez	20260922T033408000000Z	new
2026-09-22T05:18:59Z	ibm_fez	20260922T033408000000Z	duplicate
2026-09-22T05:28:17Z	ibm_fez	20260922T050317000000Z	new
2026-09-22T07:46:25Z	ibm_fez	20260922T071112000000Z	new
2026-09-22T09:29:38Z	ibm_fez	20260920T084217000000Z	duplicate-partial
2026-09-22T09:29:38Z	ibm_fez	20260920T095850000000Z	duplicate-partial
2026-09-22T09:29:38Z	ibm_fez	20260920T104934000000Z	duplicate
2026-09-22T09:29:38Z	ibm_fez	20260920T113812000000Z	duplicate-partial
2026-09-22T09:29:38Z	ibm_fez	20260920T124610000000Z	duplicate
2026-09-22T09:29:38Z	ibm_fez	20260920T135142000000Z	duplicate
2026-09-22T09:29:38Z	ibm_fez	20260920T142146000000Z	duplicate
2026-09-22T09:29:38Z	ibm_fez	20260920T152828000000Z	duplicate-partial
2026-09-22T09:29:38Z	ibm_fez	20260920T170941000000Z	duplicate
2026-09-22T09:29:38Z	ibm_fez	20260920T180052000000Z	duplicate-partial
2026-09-22T09:29:38Z	ibm_fez	20260920T184618000000Z	duplicate-partial
2026-09-22T09:29:38Z	ibm_fez	20260920T193557000000Z	duplicate
2026-09-22T09:29:38Z	ibm_fez	20260920T210352000000Z	duplicate-partial
2026-09-22T09:29:38Z	ibm_fez	20260920T220132000000Z	duplicate-partial
2026-09-22T09:29:38Z	ibm_fez	20260920T225645000000Z	new
2026-09-22T09:29:38Z	ibm_fez	20260920T235824000000Z	duplicate-partial
2026-09-22T09:29:38Z	ibm_fez	20260921T010211000000Z	duplicate
2026-09-22T09:29:38Z	ibm_fez	20260921T020231000000Z	new
2026-09-22T09:29:38Z	ibm_fez	20260921T024320000000Z	duplicate
2026-09-22T09:29:38Z	ibm_fez	20260921T035956000000Z	duplicate-partial
2026-09-22T09:29:38Z	ibm_fez	20260921T053609000000Z	duplicate-partial
2026-09-22T09:29:38Z	ibm_fez	20260921T064019000000Z	duplicate
2026-09-22T09:29:38Z	ibm_fez	20260921T074424000000Z	duplicate
2026-09-22T09:29:38Z	ibm_fez	20260921T090350000000Z	new
2026-09-22T09:29:38Z	ibm_fez	20260921T094028000000Z	duplicate-partial
2026-09-22T09:29:38Z	ibm_fez	20260921T102633000000Z	duplicate-partial
2026-09-22T09:29:38Z	ibm_fez	20260921T111633000000Z	new
2026-09-22T09:29:38Z	ibm_fez	20260921T131258000000Z	duplicate-partial
2026-09-22T09:29:38Z	ibm_fez	20260921T140819000000Z	new
2026-09-22T09:29:38Z	ibm_fez	20260921T145534000000Z	new
2026-09-22T09:29:38Z	ibm_fez	20260921T154357000000Z	duplicate-partial
2026-09-22T09:29:38Z	ibm_fez	20260921T170117000000Z	new
2026-09-22T09:29:38Z	ibm_fez	20260921T171702000000Z	new
2026-09-22T09:29:38Z	ibm_fez	20260921T190819000000Z	duplicate-partial
2026-09-22T09:29:38Z	ibm_fez	20260921T205359000000Z	duplicate-partial
2026-09-22T09:29:38Z	ibm_fez	20260921T214113000000Z	duplicate-partial
2026-09-22T09:29:38Z	ibm_fez	20260921T231153000000Z	new
2026-09-22T09:29:38Z	ibm_fez	20260922T000313000000Z	new
2026-09-22T09:29:38Z	ibm_fez	20260922T010404000000Z	duplicate-partial
2026-09-22T09:29:38Z	ibm_fez	20260922T025446000000Z	new
2026-09-22T09:29:38Z	ibm_fez	20260922T033408000000Z	duplicate-partial
2026-09-22T09:29:38Z	ibm_fez	20260922T050317000000Z	duplicate-partial
2026-09-22T09:29:38Z	ibm_fez	20260922T054400000000Z	new
2026-09-22T09:29:38Z	ibm_fez	20260922T071112000000Z	duplicate-partial
2026-09-22T09:29:38Z	ibm_fez	20260922T080151000000Z	new
2026-09-22T09:51:21Z	ibm_fez	20260922T093033000000Z	new
2026-09-22T10:16:27Z	ibm_fez	20260922T095810000000Z	new
2026-09-22T10:22:56Z	ibm_fez	20260922T095810000000Z	duplicate
2026-09-22T13:28:56Z	ibm_fez	20260922T125028000000Z	new
2026-09-22T14:42:16Z	ibm_fez	20260922T140030000000Z	new
2026-09-22T15:08:45Z	ibm_fez	20260922T140030000000Z	duplicate
2026-09-22T15:11:51Z	ibm_fez	20260922T140030000000Z	duplicate
2026-09-22T18:08:45Z	ibm_fez	20260922T140030000000Z	duplicate
2026-09-22T18:45:59Z	ibm_fez	20260922T140030000000Z	duplicate
2026-09-22T19:04:32Z	ibm_fez	20260922T140030000000Z	duplicate
2026-09-22T19:16:26Z	ibm_fez	20260922T140030000000Z	duplicate
2026-09-22T21:25:27Z	ibm_fez	20260922T140030000000Z	duplicate
2026-09-22T21:59:50Z	ibm_fez	20260922T140030000000Z	duplicate
2026-09-22T22:23:35Z	ibm_fez	20260922T140030000000Z	duplicate
2026-09-22T22:26:30Z	ibm_fez	20260922T140030000000Z	duplicate
2026-09-23T00:19:38Z	ibm_fez	20260922T140030000000Z	duplicate
2026-09-23T00:39:59Z	ibm_fez	20260922T140030000000Z	duplicate
2026-09-23T00:53:30Z	ibm_fez	20260922T140030000000Z	duplicate
2026-09-23T00:58:27Z	ibm_fez	20260922T140030000000Z	duplicate
2026-09-23T05:50:50Z	ibm_fez	20260922T140030000000Z	duplicate
2026-09-23T06:04:25Z	ibm_fez	20260922T140030000000Z	duplicate
2026-09-23T06:35:53Z	ibm_fez	20260922T140030000000Z	duplicate
2026-09-23T06:45:44Z	ibm_fez	20260922T140030000000Z	duplicate
2026-09-23T09:32:34Z	ibm_fez	20260921T090350000000Z	duplicate
2026-09-23T09:32:34Z	ibm_fez	20260921T094028000000Z	duplicate-partial
2026-09-23T09:32:34Z	ibm_fez	20260921T111633000000Z	duplicate
2026-09-23T09:32:34Z	ibm_fez	20260921T121410000000Z	new
2026-09-23T09:32:34Z	ibm_fez	20260921T131258000000Z	duplicate-partial
2026-09-23T09:32:34Z	ibm_fez	20260921T140819000000Z	duplicate
2026-09-23T09:32:34Z	ibm_fez	20260921T145534000000Z	duplicate
2026-09-23T09:32:34Z	ibm_fez	20260921T154357000000Z	duplicate-partial
2026-09-23T09:32:34Z	ibm_fez	20260921T170117000000Z	duplicate
2026-09-23T09:32:34Z	ibm_fez	20260921T171702000000Z	duplicate
2026-09-23T09:32:34Z	ibm_fez	20260921T190819000000Z	duplicate-partial
2026-09-23T09:32:34Z	ibm_fez	20260921T205359000000Z	duplicate-partial
2026-09-23T09:32:34Z	ibm_fez	20260921T214113000000Z	duplicate-partial
2026-09-23T09:32:34Z	ibm_fez	20260921T231153000000Z	duplicate
2026-09-23T09:32:34Z	ibm_fez	20260922T000313000000Z	duplicate
2026-09-23T09:32:34Z	ibm_fez	20260922T010404000000Z	duplicate-partial
2026-09-23T09:32:34Z	ibm_fez	20260922T025446000000Z	duplicate
2026-09-23T09:32:34Z	ibm_fez	20260922T033408000000Z	duplicate-partial
2026-09-23T09:32:34Z	ibm_fez	20260922T050317000000Z	duplicate-partial
2026-09-23T09:32:34Z	ibm_fez	20260922T054400000000Z	duplicate
2026-09-23T09:32:34Z	ibm_fez	20260922T071112000000Z	duplicate-partial
2026-09-23T09:32:34Z	ibm_fez	20260922T080151000000Z	duplicate-partial
2026-09-23T09:32:34Z	ibm_fez	20260922T095810000000Z	duplicate-partial
2026-09-23T09:32:34Z	ibm_fez	20260922T103855000000Z	new
2026-09-23T09:32:34Z	ibm_fez	20260922T114423000000Z	new
2026-09-23T09:32:34Z	ibm_fez	20260922T125028000000Z	duplicate-partial
2026-09-23T09:32:34Z	ibm_fez	20260922T140030000000Z	duplicate
2026-09-23T11:24:06Z	ibm_fez	20260922T140030000000Z	duplicate
2026-09-23T11:47:31Z	ibm_fez	20260922T140030000000Z	duplicate
2026-09-23T12:04:47Z	ibm_fez	20260922T140030000000Z	duplicate
2026-09-23T12:17:43Z	ibm_fez	20260922T140030000000Z	duplicate
2026-09-23T16:46:50Z	ibm_fez	20260922T140030000000Z	duplicate
2026-09-23T17:11:29Z	ibm_fez	20260923T164452000000Z	new
2026-09-23T17:25:32Z	ibm_fez	20260923T164452000000Z	duplicate
2026-09-23T17:29:58Z	ibm_fez	20260923T164452000000Z	duplicate
2026-09-23T20:11:58Z	ibm_fez	20260923T193500000000Z	new
2026-09-23T20:28:13Z	ibm_fez	20260923T193500000000Z	duplicate
2026-09-23T20:39:30Z	ibm_fez	20260923T201414000000Z	new
2026-09-23T20:42:53Z	ibm_fez	20260923T201414000000Z	duplicate
2026-09-23T23:14:03Z	ibm_fez	20260923T224949000000Z	new
2026-09-23T23:36:18Z	ibm_fez	20260923T224949000000Z	duplicate
2026-09-23T23:46:24Z	ibm_fez	20260923T224949000000Z	duplicate
2026-09-23T23:55:18Z	ibm_fez	20260923T224949000000Z	duplicate
2026-09-24T01:40:55Z	ibm_fez	20260924T011634000000Z	new
2026-09-24T04:34:48Z	ibm_fez	20260924T030925000000Z	new
2026-09-24T05:00:20Z	ibm_fez	20260924T042329000000Z	new
2026-09-24T05:17:07Z	ibm_fez	20260924T042329000000Z	duplicate
2026-09-24T06:48:06Z	ibm_fez	20260924T055814000000Z	new
2026-09-24T09:31:52Z	ibm_fez	20260922T080151000000Z	duplicate-partial
2026-09-24T09:31:52Z	ibm_fez	20260922T095810000000Z	duplicate-partial
2026-09-24T09:31:52Z	ibm_fez	20260922T103855000000Z	duplicate
2026-09-24T09:31:52Z	ibm_fez	20260922T114423000000Z	duplicate
2026-09-24T09:31:52Z	ibm_fez	20260922T125028000000Z	duplicate-partial
2026-09-24T09:31:52Z	ibm_fez	20260922T140030000000Z	duplicate-partial
2026-09-24T09:31:52Z	ibm_fez	20260923T164452000000Z	duplicate-partial
2026-09-24T09:31:52Z	ibm_fez	20260923T180413000000Z	new
2026-09-24T09:31:52Z	ibm_fez	20260923T182712000000Z	new
2026-09-24T09:31:52Z	ibm_fez	20260923T193500000000Z	duplicate-partial
2026-09-24T09:31:52Z	ibm_fez	20260923T205858000000Z	new
2026-09-24T09:31:52Z	ibm_fez	20260923T215136000000Z	new
2026-09-24T09:31:52Z	ibm_fez	20260923T224949000000Z	duplicate-partial
2026-09-24T09:31:52Z	ibm_fez	20260923T234619000000Z	new
2026-09-24T09:31:52Z	ibm_fez	20260924T004956000000Z	new
2026-09-24T09:31:52Z	ibm_fez	20260924T020545000000Z	new
2026-09-24T09:31:52Z	ibm_fez	20260924T030925000000Z	duplicate-partial
2026-09-24T09:31:52Z	ibm_fez	20260924T042329000000Z	duplicate-partial
2026-09-24T09:31:52Z	ibm_fez	20260924T055814000000Z	duplicate-partial
2026-09-24T09:31:52Z	ibm_fez	20260924T080224000000Z	new
2026-09-24T09:31:52Z	ibm_fez	20260924T084952000000Z	new
2026-09-24T09:53:48Z	ibm_fez	20260924T091008000000Z	new
2026-09-24T10:08:31Z	ibm_fez	20260924T091008000000Z	duplicate
2026-09-24T10:27:46Z	ibm_fez	20260924T091008000000Z	duplicate
2026-09-24T12:19:54Z	ibm_fez	20260924T114223000000Z	new
2026-09-24T14:55:15Z	ibm_fez	20260924T135414000000Z	new
2026-09-24T15:13:27Z	ibm_fez	20260924T144025000000Z	new
2026-09-24T15:28:30Z	ibm_fez	20260924T145723000000Z	new
2026-09-24T17:35:10Z	ibm_fez	20260924T165844000000Z	new
2026-09-24T19:01:58Z	ibm_fez	20260924T180653000000Z	new
2026-09-24T19:15:49Z	ibm_fez	20260924T180653000000Z	duplicate
2026-09-24T19:28:38Z	ibm_fez	20260924T180653000000Z	duplicate
2026-09-24T20:48:33Z	ibm_fez	20260924T193620000000Z	new
2026-09-24T22:14:40Z	ibm_fez	20260924T212956000000Z	new
