day	last_update_date	served	held	retrieved	status	step_hours	run_id
2026-10-01	20261001T000907000000Z	yes	no	no	MISSED	0.25	37200799161
2026-10-01	20261001T002643000000Z	yes	yes	yes	captured	0.25	37200799161
2026-10-01	20261001T010558000000Z	yes	yes	yes	captured	0.25	37200799161
2026-10-01	20261001T014654000000Z	yes	yes	yes	captured	0.25	37200799161
2026-10-01	20261001T023707000000Z	yes	yes	yes	captured	0.25	37200799161
2026-10-01	20261001T035911000000Z	yes	no	no	MISSED	0.25	37200799161
2026-10-01	20261001T041341000000Z	yes	yes	yes	captured	0.25	37200799161
2026-10-01	20261001T053003000000Z	yes	yes	yes	captured	0.25	37200799161
2026-10-01	20261001T060600000000Z	yes	yes	yes	captured	0.25	37200799161
2026-10-01	20261001T070344000000Z	yes	yes	yes	captured	0.25	37200799161
2026-10-01	20261001T083157000000Z	yes	yes	yes	captured	0.25	37200799161
2026-10-01	20261001T084101000000Z	yes	yes	yes	captured	0.25	37200799161
2026-10-01	20261001T093356000000Z	yes	no	no	MISSED	0.25	37200799161
2026-10-01	20261001T094920000000Z	yes	yes	yes	captured	0.25	37200799161
2026-10-01	20261001T101837000000Z	yes	yes	yes	captured	0.25	37200799161
2026-10-01	20261001T104242000000Z	yes	yes	yes	captured	0.25	37200799161
2026-10-01	20261001T111650000000Z	yes	no	no	MISSED	0.25	37200799161
2026-10-01	20261001T113538000000Z	yes	yes	yes	captured	0.25	37200799161
2026-10-01	20261001T120232000000Z	yes	yes	yes	captured	0.25	37200799161
2026-10-01	20261001T123702000000Z	yes	yes	yes	captured	0.25	37200799161
2026-10-01	20261001T130001000000Z	yes	yes	yes	captured	0.25	37200799161
2026-10-01	20261001T140119000000Z	yes	no	no	MISSED	0.25	37200799161
2026-10-01	20261001T142453000000Z	yes	yes	yes	captured	0.25	37200799161
2026-10-01	20261001T152825000000Z	yes	yes	yes	captured	0.25	37200799161
2026-10-01	20261001T162328000000Z	yes	yes	yes	captured	0.25	37200799161
2026-10-01	20261001T165136000000Z	yes	yes	yes	captured	0.25	37200799161
2026-10-01	20261001T171247000000Z	yes	yes	yes	captured	0.25	37200799161
2026-10-01	20261001T180511000000Z	yes	no	no	MISSED	0.25	37200799161
2026-10-01	20261001T181841000000Z	yes	yes	yes	captured	0.25	37200799161
2026-10-01	20261001T184958000000Z	yes	yes	yes	captured	0.25	37200799161
2026-10-01	20261001T195243000000Z	yes	no	no	MISSED	0.25	37200799161
2026-10-01	20261001T201409000000Z	yes	no	no	MISSED	0.25	37200799161
2026-10-01	20261001T202704000000Z	yes	yes	yes	captured	0.25	37200799161
2026-10-01	20261001T212255000000Z	yes	yes	yes	captured	0.25	37200799161
2026-10-01	20261001T220621000000Z	yes	yes	yes	captured	0.25	37200799161
2026-10-01	20261001T224119000000Z	yes	yes	yes	captured	0.25	37200799161
2026-10-01	20261001T231254000000Z	yes	yes	yes	captured	0.25	37200799161
2026-09-30	20260930T002507000000Z	yes	yes	yes	captured	0.25	37200799161
2026-09-30	20260930T012809000000Z	yes	yes	yes	captured	0.25	37200799161
2026-09-30	20260930T020330000000Z	yes	yes	yes	captured	0.25	37200799161
2026-09-30	20260930T024603000000Z	yes	yes	yes	captured	0.25	37200799161
2026-09-30	20260930T032141000000Z	yes	yes	yes	captured	0.25	37200799161
2026-09-30	20260930T041355000000Z	yes	yes	yes	captured	0.25	37200799161
2026-09-30	20260930T045333000000Z	yes	yes	yes	captured	0.25	37200799161
2026-09-30	20260930T053653000000Z	yes	yes	yes	captured	0.25	37200799161
2026-09-30	20260930T061823000000Z	yes	yes	yes	captured	0.25	37200799161
2026-09-30	20260930T070005000000Z	yes	yes	yes	captured	0.25	37200799161
2026-09-30	20260930T071839000000Z	yes	yes	yes	captured	0.25	37200799161
2026-09-30	20260930T081640000000Z	yes	yes	yes	captured	0.25	37200799161
2026-09-30	20260930T084516000000Z	yes	yes	yes	captured	0.25	37200799161
2026-09-30	20260930T092641000000Z	yes	yes	yes	captured	0.25	37200799161
2026-09-30	20260930T094634000000Z	yes	yes	yes	captured	0.25	37200799161
2026-09-30	20260930T101316000000Z	yes	yes	yes	captured	0.25	37200799161
2026-09-30	20260930T111056000000Z	yes	no	no	MISSED	0.25	37200799161
2026-09-30	20260930T112303000000Z	yes	yes	yes	captured	0.25	37200799161
2026-09-30	20260930T121637000000Z	yes	yes	yes	captured	0.25	37200799161
2026-09-30	20260930T124737000000Z	yes	yes	yes	captured	0.25	37200799161
2026-09-30	20260930T130921000000Z	yes	yes	yes	captured	0.25	37200799161
2026-09-30	20260930T151733000000Z	yes	yes	yes	captured	0.25	37200799161
2026-09-30	20260930T154751000000Z	yes	yes	yes	captured	0.25	37200799161
2026-09-30	20260930T161743000000Z	yes	yes	yes	captured	0.25	37200799161
2026-09-30	20260930T164623000000Z	yes	yes	yes	captured	0.25	37200799161
2026-09-30	20260930T171516000000Z	yes	yes	yes	captured	0.25	37200799161
2026-09-30	20260930T175816000000Z	yes	yes	yes	captured	0.25	37200799161
2026-09-30	20260930T181634000000Z	yes	yes	yes	captured	0.25	37200799161
2026-09-30	20260930T191856000000Z	yes	yes	yes	captured	0.25	37200799161
2026-09-30	20260930T193945000000Z	yes	no	no	MISSED	0.25	37200799161
2026-09-30	20260930T200009000000Z	yes	yes	yes	captured	0.25	37200799161
2026-09-30	20260930T201333000000Z	yes	yes	yes	captured	0.25	37200799161
2026-09-30	20260930T204509000000Z	yes	yes	yes	captured	0.25	37200799161
2026-09-30	20260930T214405000000Z	yes	yes	yes	captured	0.25	37200799161
2026-09-30	20260930T223103000000Z	yes	yes	yes	captured	0.25	37200799161
2026-09-30	20260930T225329000000Z	no	yes	yes	archived_not_served	0.25	37200799161
2026-09-30	20260930T225715000000Z	yes	no	no	MISSED	0.25	37200799161
2026-09-30	20260930T231435000000Z	yes	yes	yes	captured	0.25	37200799161
2026-09-29	20260929T002247000000Z	yes	yes	yes	captured	0.25	37200799161
2026-09-29	20260929T005618000000Z	yes	no	no	MISSED	0.25	37200799161
2026-09-29	20260929T011935000000Z	yes	yes	yes	captured	0.25	37200799161
2026-09-29	20260929T021139000000Z	yes	yes	yes	captured	0.25	37200799161
2026-09-29	20260929T022626000000Z	yes	yes	yes	captured	0.25	37200799161
2026-09-29	20260929T031811000000Z	yes	yes	yes	captured	0.25	37200799161
2026-09-29	20260929T035628000000Z	yes	no	no	MISSED	0.25	37200799161
2026-09-29	20260929T042314000000Z	yes	yes	yes	captured	0.25	37200799161
2026-09-29	20260929T052911000000Z	yes	yes	yes	captured	0.25	37200799161
2026-09-29	20260929T065738000000Z	yes	no	no	MISSED	0.25	37200799161
2026-09-29	20260929T071553000000Z	yes	yes	yes	captured	0.25	37200799161
2026-09-29	20260929T082756000000Z	yes	yes	yes	captured	0.25	37200799161
2026-09-29	20260929T083858000000Z	yes	yes	yes	captured	0.25	37200799161
2026-09-29	20260929T094602000000Z	yes	no	no	MISSED	0.25	37200799161
2026-09-29	20260929T095625000000Z	yes	yes	yes	captured	0.25	37200799161
2026-09-29	20260929T110132000000Z	yes	yes	yes	captured	0.25	37200799161
2026-09-29	20260929T112616000000Z	yes	no	no	MISSED	0.25	37200799161
2026-09-29	20260929T115120000000Z	yes	yes	yes	captured	0.25	37200799161
2026-09-29	20260929T121807000000Z	yes	yes	yes	captured	0.25	37200799161
2026-09-29	20260929T125615000000Z	yes	no	no	MISSED	0.25	37200799161
2026-09-29	20260929T131530000000Z	yes	yes	yes	captured	0.25	37200799161
2026-09-29	20260929T143111000000Z	yes	yes	yes	captured	0.25	37200799161
2026-09-29	20260929T150314000000Z	yes	no	no	MISSED	0.25	37200799161
2026-09-29	20260929T150647000000Z	yes	yes	yes	captured	0.25	37200799161
2026-09-29	20260929T162647000000Z	yes	yes	yes	captured	0.25	37200799161
2026-09-29	20260929T170029000000Z	yes	yes	yes	captured	0.25	37200799161
2026-09-29	20260929T175740000000Z	yes	yes	yes	captured	0.25	37200799161
2026-09-29	20260929T183109000000Z	yes	yes	yes	captured	0.25	37200799161
2026-09-29	20260929T192030000000Z	yes	yes	yes	captured	0.25	37200799161
2026-09-29	20260929T194454000000Z	yes	no	no	MISSED	0.25	37200799161
2026-09-29	20260929T195848000000Z	yes	yes	yes	captured	0.25	37200799161
2026-09-29	20260929T202539000000Z	yes	yes	yes	captured	0.25	37200799161
2026-09-29	20260929T205623000000Z	yes	no	no	MISSED	0.25	37200799161
2026-09-29	20260929T211637000000Z	yes	yes	yes	captured	0.25	37200799161
2026-09-29	20260929T221858000000Z	yes	yes	yes	captured	0.25	37200799161
2026-09-29	20260929T232844000000Z	yes	yes	yes	captured	0.25	37200799161
2026-09-29	20260929T235719000000Z	no	yes	yes	archived_not_served	0.25	37200799161
