last_update_date	served_by_probe	in_archive	first_filed_by	status
20260913T001803000000Z	yes	yes	hourly	captured
20260913T003355000000Z	yes	yes	hourly	captured
20260913T010937000000Z	yes	yes	hourly	captured
20260913T013504000000Z	yes	yes	sweep	captured
20260913T014748000000Z	yes	no	none	MISSED
20260913T021438000000Z	yes	yes	sweep	captured
20260913T031255000000Z	yes	yes	sweep	captured
20260913T032615000000Z	yes	yes	sweep	captured
20260913T051005000000Z	yes	yes	hourly	captured
20260913T063029000000Z	yes	yes	hourly	captured
20260913T064624000000Z	yes	yes	sweep	captured
20260913T072543000000Z	yes	yes	sweep	captured
20260913T082036000000Z	yes	yes	sweep	captured
20260913T092613000000Z	yes	yes	sweep	captured
20260913T093755000000Z	yes	yes	sweep	captured
20260913T103721000000Z	yes	yes	sweep	captured
20260913T110620000000Z	yes	yes	hourly	captured
20260913T111625000000Z	yes	yes	hourly	captured
20260913T125332000000Z	yes	yes	sweep	captured
20260913T135416000000Z	yes	no	none	MISSED
20260913T141918000000Z	yes	yes	sweep	captured
20260913T145606000000Z	yes	yes	sweep	captured
20260913T153104000000Z	yes	yes	hourly	captured
20260913T154637000000Z	yes	yes	sweep	captured
20260913T155800000000Z	yes	yes	hourly	captured
20260913T170645000000Z	yes	yes	sweep	captured
20260913T171639000000Z	yes	no	none	MISSED
20260913T174717000000Z	yes	yes	hourly	captured
20260913T185436000000Z	yes	yes	hourly	captured
20260913T192122000000Z	yes	yes	hourly	captured
20260913T201621000000Z	yes	yes	sweep	captured
20260913T203314000000Z	yes	yes	sweep	captured
20260913T211203000000Z	yes	yes	hourly	captured
20260913T214738000000Z	yes	yes	hourly	captured
20260913T221357000000Z	yes	yes	hourly	captured
20260913T225347000000Z	yes	yes	hourly	captured
20260913T232614000000Z	yes	yes	hourly	captured
20260914T000708000000Z	yes	yes	hourly	captured
20260914T005701000000Z	yes	yes	hourly	captured
20260914T012938000000Z	yes	yes	sweep	captured
20260914T015518000000Z	yes	no	none	MISSED
20260914T021611000000Z	yes	yes	sweep	captured
20260914T023434000000Z	yes	yes	sweep	captured
20260914T034306000000Z	yes	yes	hourly	captured
20260914T051033000000Z	yes	yes	hourly	captured
20260914T055915000000Z	yes	yes	hourly	captured
20260914T063801000000Z	yes	yes	hourly	captured
20260914T064622000000Z	yes	yes	sweep	captured
20260914T073402000000Z	yes	yes	sweep	captured
20260914T083114000000Z	yes	yes	sweep	captured
20260914T092839000000Z	yes	yes	sweep	captured
20260914T101344000000Z	yes	yes	sweep	captured
20260914T103549000000Z	yes	yes	hourly	captured
20260914T113714000000Z	yes	no	none	MISSED
20260914T114617000000Z	yes	yes	hourly	captured
20260914T124416000000Z	yes	yes	sweep	captured
20260914T132618000000Z	yes	yes	hourly	captured
20260914T135903000000Z	yes	yes	hourly	captured
20260914T145809000000Z	yes	yes	sweep	captured
20260914T161104000000Z	yes	yes	sweep	captured
20260914T162836000000Z	yes	yes	hourly	captured
20260914T173503000000Z	yes	yes	hourly	captured
20260914T180832000000Z	yes	yes	sweep	captured
20260914T185727000000Z	yes	yes	hourly	captured
20260914T194900000000Z	yes	no	none	MISSED
20260914T200218000000Z	yes	yes	hourly	captured
20260914T211357000000Z	yes	yes	sweep	captured
20260914T214348000000Z	yes	yes	hourly	captured
20260914T223625000000Z	yes	yes	hourly	captured
20260914T235220000000Z	yes	yes	hourly	captured
20260915T005902000000Z	yes	yes	hourly	captured
20260915T011612000000Z	yes	no	none	MISSED
20260915T013255000000Z	yes	no	none	MISSED
20260915T020525000000Z	yes	yes	sweep	captured
20260915T023835000000Z	yes	no	none	MISSED
20260915T030516000000Z	yes	yes	sweep	captured
20260915T034507000000Z	yes	yes	sweep	captured
20260915T043251000000Z	yes	yes	hourly	captured
20260915T045501000000Z	yes	yes	sweep	captured
20260915T055954000000Z	yes	yes	sweep	captured
20260915T060635000000Z	yes	yes	hourly	captured
20260915T064040000000Z	yes	yes	hourly	captured
20260915T074622000000Z	yes	yes	sweep	captured
20260915T090102000000Z	yes	yes	sweep	captured
20260915T092012000000Z	yes	no	none	MISSED
20260915T095832000000Z	yes	yes	hourly	captured
20260915T105511000000Z	yes	yes	hourly	captured
20260915T120310000000Z	yes	yes	sweep	captured
20260915T121500000000Z	yes	yes	sweep	captured
20260915T122847000000Z	yes	yes	hourly	captured
20260915T135906000000Z	yes	yes	sweep	captured
20260915T141330000000Z	yes	yes	sweep	captured
20260915T144056000000Z	yes	yes	hourly	captured
20260915T144659000000Z	yes	yes	sweep	captured
20260915T152349000000Z	yes	yes	sweep	captured
20260915T152622000000Z	yes	no	none	MISSED
20260915T155541000000Z	yes	yes	sweep	captured
20260915T161846000000Z	yes	yes	hourly	captured
20260915T170135000000Z	yes	yes	hourly	captured
20260915T175419000000Z	yes	yes	hourly	captured
20260915T182813000000Z	yes	no	none	MISSED
20260915T183257000000Z	yes	yes	hourly	captured
20260915T184817000000Z	yes	yes	sweep	captured
20260915T194612000000Z	yes	no	none	MISSED
20260915T200822000000Z	yes	yes	hourly	captured
20260915T203409000000Z	yes	no	none	MISSED
20260915T204703000000Z	yes	yes	hourly	captured
20260915T211109000000Z	yes	yes	sweep	captured
20260915T213530000000Z	yes	no	none	MISSED
20260915T214955000000Z	yes	yes	hourly	captured
20260915T225214000000Z	yes	yes	hourly	captured
20260915T234528000000Z	yes	yes	hourly	captured
20260916T001743000000Z	yes	yes	hourly	captured
20260916T020227000000Z	yes	yes	sweep	captured
20260916T025906000000Z	yes	yes	sweep	captured
20260916T033621000000Z	yes	no	none	MISSED
20260916T041119000000Z	yes	yes	sweep	captured
20260916T050633000000Z	yes	yes	hourly	captured
20260916T062655000000Z	yes	yes	hourly	captured
20260916T073135000000Z	yes	no	none	MISSED
20260916T074624000000Z	yes	no	none	MISSED
20260916T080602000000Z	yes	yes	sweep	captured
20260916T091113000000Z	yes	yes	sweep	captured
20260916T092618000000Z	yes	no	none	MISSED
20260916T095223000000Z	yes	yes	sweep	captured
20260916T105913000000Z	yes	yes	hourly	captured
20260916T111640000000Z	yes	yes	hourly	captured
20260916T125015000000Z	yes	yes	sweep	captured
20260916T142714000000Z	yes	yes	sweep	captured
20260916T161213000000Z	yes	yes	hourly	captured
20260916T173708000000Z	yes	yes	sweep	captured
20260916T182010000000Z	yes	yes	sweep	captured
20260916T190241000000Z	yes	yes	sweep	captured
20260916T190807000000Z	yes	yes	hourly	captured
20260916T205826000000Z	yes	yes	hourly	captured
20260916T224009000000Z	yes	yes	hourly	captured
20260916T230559000000Z	yes	yes	sweep	captured
20260916T233705000000Z	yes	yes	sweep	captured
20260917T001817000000Z	yes	yes	hourly	captured
20260917T011201000000Z	yes	yes	hourly	captured
20260917T013855000000Z	yes	yes	sweep	captured
20260917T020038000000Z	yes	yes	sweep	captured
20260917T023249000000Z	yes	yes	sweep	captured
20260917T030959000000Z	yes	yes	sweep	captured
20260917T033248000000Z	yes	yes	sweep	captured
20260917T044632000000Z	yes	yes	sweep	captured
20260917T054323000000Z	yes	yes	hourly	captured
20260917T062637000000Z	yes	no	none	MISSED
20260917T065058000000Z	yes	yes	hourly	captured
20260917T075735000000Z	yes	no	none	MISSED
20260917T080630000000Z	yes	yes	sweep	captured
20260917T092808000000Z	yes	yes	sweep	captured
20260917T094624000000Z	yes	yes	sweep	captured
20260917T103259000000Z	yes	yes	hourly	captured
20260917T120210000000Z	yes	yes	hourly	captured
20260917T132632000000Z	yes	yes	sweep	captured
20260917T134132000000Z	yes	yes	sweep	captured
20260917T152044000000Z	yes	yes	hourly	captured
20260917T165607000000Z	yes	yes	hourly	captured
20260917T182749000000Z	yes	yes	sweep	captured
20260917T200627000000Z	yes	yes	hourly	captured
20260917T214618000000Z	yes	yes	hourly	captured
20260917T233028000000Z	yes	yes	hourly	captured
20260918T010735000000Z	yes	yes	sweep	captured
20260918T025004000000Z	yes	no	none	MISSED
20260918T032402000000Z	yes	yes	sweep	captured
20260918T043016000000Z	yes	yes	hourly	captured
20260918T055929000000Z	yes	no	none	MISSED
20260918T062633000000Z	yes	yes	hourly	captured
20260918T070714000000Z	yes	yes	sweep	captured
20260918T080233000000Z	yes	yes	sweep	captured
20260918T085935000000Z	yes	yes	sweep	captured
20260918T090640000000Z	yes	yes	sweep	captured
20260918T095711000000Z	yes	yes	hourly	captured
20260918T104615000000Z	yes	yes	hourly	captured
20260918T110536000000Z	yes	yes	hourly	captured
20260918T121036000000Z	yes	yes	sweep	captured
20260918T123717000000Z	yes	yes	sweep	captured
20260918T141825000000Z	yes	yes	hourly	captured
20260918T155652000000Z	yes	yes	hourly	captured
20260918T173732000000Z	yes	yes	hourly	captured
20260918T190344000000Z	yes	yes	sweep	captured
20260918T191658000000Z	yes	yes	hourly	captured
20260918T201613000000Z	yes	yes	sweep	captured
20260918T204645000000Z	yes	no	none	MISSED
20260918T205623000000Z	yes	yes	hourly	captured
20260918T215326000000Z	yes	yes	hourly	captured
20260918T223610000000Z	yes	yes	sweep	captured
20260918T225610000000Z	yes	yes	hourly	captured
20260918T235621000000Z	yes	yes	sweep	captured
20260919T001618000000Z	yes	yes	hourly	captured
20260919T005409000000Z	yes	yes	hourly	captured
20260919T012156000000Z	yes	yes	sweep	captured
20260919T022721000000Z	yes	yes	sweep	captured
20260919T025242000000Z	yes	yes	sweep	captured
20260919T033315000000Z	yes	yes	hourly	captured
20260919T045028000000Z	yes	yes	hourly	captured
20260919T052906000000Z	yes	yes	hourly	captured
20260919T060708000000Z	yes	yes	hourly	captured
20260919T064105000000Z	yes	yes	sweep	captured
20260919T070824000000Z	yes	yes	sweep	captured
20260919T074806000000Z	yes	yes	sweep	captured
20260919T082615000000Z	yes	yes	sweep	captured
20260919T084233000000Z	yes	yes	hourly	captured
20260919T094936000000Z	yes	yes	sweep	captured
20260919T095643000000Z	yes	yes	hourly	captured
20260919T104645000000Z	yes	yes	hourly	captured
20260919T113635000000Z	yes	yes	sweep	captured
20260919T115517000000Z	yes	yes	sweep	captured
20260919T125559000000Z	yes	yes	hourly	captured
20260919T130912000000Z	yes	no	none	MISSED
20260919T135359000000Z	yes	yes	hourly	captured
20260919T144624000000Z	yes	yes	sweep	captured
20260919T151406000000Z	yes	no	none	MISSED
20260919T154508000000Z	yes	yes	hourly	captured
20260919T163850000000Z	yes	yes	sweep	captured
20260919T173359000000Z	yes	yes	hourly	captured
20260919T174616000000Z	yes	yes	hourly	captured
20260919T183042000000Z	yes	yes	hourly	captured
20260919T192628000000Z	yes	no	none	MISSED
20260919T195354000000Z	yes	yes	hourly	captured
20260919T202308000000Z	yes	yes	hourly	captured
20260919T205857000000Z	yes	yes	sweep	captured
20260919T212627000000Z	yes	yes	hourly	captured
20260919T215651000000Z	yes	yes	hourly	captured
20260919T223545000000Z	yes	yes	hourly	captured
20260919T230653000000Z	yes	yes	hourly	captured
