poll_time_utc	run_id	hist_start	hist_end	step_hours
2026-09-11T09:08:29Z	34582512330	2026-09-09T09:06:55Z	2026-09-11T09:06:55Z	1
2026-09-12T08:50:38Z	34684212415	2026-09-10T08:48:48Z	2026-09-12T08:48:48Z	1
2026-09-13T09:44:22Z	34750052177	2026-09-11T09:42:43Z	2026-09-13T09:42:43Z	1
2026-09-14T10:08:06Z	34831419946	2026-09-12T10:06:29Z	2026-09-14T10:06:29Z	1
2026-09-15T09:36:53Z	34953257343	2026-09-13T09:35:02Z	2026-09-15T09:35:02Z	1
2026-09-16T09:31:48Z	35079689216	2026-09-14T09:29:43Z	2026-09-16T09:29:43Z	1
2026-09-17T09:39:54Z	35206181183	2026-09-15T09:38:34Z	2026-09-17T09:38:34Z	1
2026-09-18T09:12:30Z	35328162431	2026-09-16T09:11:01Z	2026-09-18T09:11:01Z	1
2026-09-19T09:00:07Z	35433394477	2026-09-17T08:58:17Z	2026-09-19T08:58:17Z	1
2026-09-20T09:28:15Z	35502300831	2026-09-18T09:26:41Z	2026-09-20T09:26:41Z	1
2026-09-21T10:13:25Z	35587391135	2026-09-19T10:11:43Z	2026-09-21T10:11:43Z	1
2026-09-22T09:29:38Z	35710490724	2026-09-20T09:27:58Z	2026-09-22T09:27:58Z	1
2026-09-23T09:32:34Z	35843346067	2026-09-21T09:30:55Z	2026-09-23T09:30:55Z	1
2026-09-24T09:31:52Z	35981581169	2026-09-22T09:30:14Z	2026-09-24T09:30:14Z	1
2026-09-25T09:48:22Z	36120305578	2026-09-23T09:46:46Z	2026-09-25T09:46:46Z	1
2026-09-26T09:32:32Z	36232987713	2026-09-24T09:30:58Z	2026-09-26T09:30:58Z	1
2026-09-27T10:12:55Z	36311712950	2026-09-25T10:11:24Z	2026-09-27T10:11:24Z	1
2026-09-28T11:14:11Z	36414247149	2026-09-26T11:12:42Z	2026-09-28T11:12:42Z	1
